match_id,date,home_team,away_team,home_elo,away_elo
435943,2023-08-11 19:00:00+00:00,Burnley FC,Manchester City FC,1500.0,1500.0
435944,2023-08-12 12:00:00+00:00,Arsenal FC,Nottingham Forest FC,1500.0,1500.0
435945,2023-08-12 14:00:00+00:00,AFC Bournemouth,West Ham United FC,1500.0,1500.0
435946,2023-08-12 14:00:00+00:00,Brighton & Hove Albion FC,Luton Town FC,1500.0,1500.0
435947,2023-08-12 14:00:00+00:00,Everton FC,Fulham FC,1500.0,1500.0
435948,2023-08-12 14:00:00+00:00,Sheffield United FC,Crystal Palace FC,1500.0,1500.0
435949,2023-08-12 16:30:00+00:00,Newcastle United FC,Aston Villa FC,1500.0,1500.0
435950,2023-08-13 13:00:00+00:00,Brentford FC,Tottenham Hotspur FC,1500.0,1500.0
435951,2023-08-13 15:30:00+00:00,Chelsea FC,Liverpool FC,1500.0,1500.0
435952,2023-08-14 19:00:00+00:00,Manchester United FC,Wolverhampton Wanderers FC,1500.0,1500.0
435959,2023-08-18 18:45:00+00:00,Nottingham Forest FC,Sheffield United FC,1485.0,1485.0
435962,2023-08-19 14:00:00+00:00,Wolverhampton Wanderers FC,Brighton & Hove Albion FC,1485.0,1515.0
435955,2023-08-19 14:00:00+00:00,Fulham FC,Brentford FC,1515.0,1500.0
435956,2023-08-19 14:00:00+00:00,Liverpool FC,AFC Bournemouth,1500.0,1500.0
435960,2023-08-19 16:30:00+00:00,Tottenham Hotspur FC,Manchester United FC,1500.0,1515.0
435958,2023-08-19 19:00:00+00:00,Manchester City FC,Newcastle United FC,1515.0,1515.0
435953,2023-08-20 13:00:00+00:00,Aston Villa FC,Everton FC,1485.0,1485.0
435961,2023-08-20 15:30:00+00:00,West Ham United FC,Chelsea FC,1500.0,1500.0
435954,2023-08-21 19:00:00+00:00,Crystal Palace FC,Arsenal FC,1515.0,1515.0
435968,2023-08-25 19:00:00+00:00,Chelsea FC,Luton Town FC,1485.0,1485.0
435963,2023-08-26 11:30:00+00:00,AFC Bournemouth,Tottenham Hotspur FC,1485.0,1515.6471999915343
435965,2023-08-26 14:00:00+00:00,Brentford FC,Crystal Palace FC,1515.6471999915343,1500.0
435964,2023-08-26 14:00:00+00:00,Arsenal FC,Fulham FC,1530.0,1499.3528000084657
435970,2023-08-26 14:00:00+00:00,Manchester United FC,Nottingham Forest FC,1499.3528000084657,1500.0
435969,2023-08-26 14:00:00+00:00,Everton FC,Wolverhampton Wanderers FC,1470.0,1471.2919947606663
435966,2023-08-26 16:30:00+00:00,Brighton & Hove Albion FC,West Ham United FC,1528.7080052393337,1515.0
435972,2023-08-27 13:00:00+00:00,Sheffield United FC,Manchester City FC,1470.0,1530.0
435967,2023-08-27 13:00:00+00:00,Burnley FC,Aston Villa FC,1485.0,1500.0
435971,2023-08-27 15:30:00+00:00,Newcastle United FC,Liverpool FC,1500.0,1515.0
435980,2023-09-01 19:00:00+00:00,Luton Town FC,West Ham United FC,1470.0,1530.591515257841
435982,2023-09-02 11:30:00+00:00,Sheffield United FC,Everton FC,1457.5649603601544,1455.0557796405628
435977,2023-09-02 14:00:00+00:00,Chelsea FC,Nottingham Forest FC,1500.0,1484.9720581625813
435981,2023-09-02 14:00:00+00:00,Manchester City FC,Fulham FC,1542.4350396398456,1500.67252485988
435974,2023-09-02 14:00:00+00:00,Brentford FC,AFC Bournemouth,1514.9721124214905,1471.3197248514143
435976,2023-09-02 14:00:00+00:00,Burnley FC,Tottenham Hotspur FC,1470.6471999915343,1529.32747514012
435975,2023-09-02 16:30:00+00:00,Brighton & Hove Albion FC,Newcastle United FC,1513.1164899814928,1485.6471999915343
435978,2023-09-03 13:00:00+00:00,Crystal Palace FC,Wolverhampton Wanderers FC,1500.6750875700438,1486.2362151201035
435979,2023-09-03 13:00:00+00:00,Liverpool FC,Aston Villa FC,1529.3528000084657,1514.3528000084657
435973,2023-09-03 15:30:00+00:00,Arsenal FC,Manchester United FC,1528.6802751485857,1514.3807418458844
435992,2023-09-16 11:30:00+00:00,Wolverhampton Wanderers FC,Liverpool FC,1471.859232723443,1543.7056000169314
435991,2023-09-16 14:00:00+00:00,West Ham United FC,Manchester City FC,1543.001771097062,1555.6406407894876
435984,2023-09-16 14:00:00+00:00,Aston Villa FC,Crystal Palace FC,1500.0,1515.0520699667043
435986,2023-09-16 14:00:00+00:00,Fulham FC,Luton Town FC,1487.466923710238,1457.589744160779
435987,2023-09-16 14:00:00+00:00,Manchester United FC,Brighton & Hove Albion FC,1499.9977539728184,1526.9330103323734
435990,2023-09-16 14:00:00+00:00,Tottenham Hotspur FC,Sheffield United FC,1541.8178615490945,1457.4566322037563
435988,2023-09-16 16:30:00+00:00,Newcastle United FC,Brentford FC,1471.8306796406537,1513.097341924413
435983,2023-09-17 13:00:00+00:00,AFC Bournemouth,Chelsea FC,1473.1944953484917,1484.351595912329
435985,2023-09-17 15:30:00+00:00,Everton FC,Arsenal FC,1455.164107796961,1543.0632630216517
435989,2023-09-18 18:45:00+00:00,Nottingham Forest FC,Burnley FC,1500.6204622502523,1458.1568135825598
435998,2023-09-23 14:00:00+00:00,Crystal Palace FC,Fulham FC,1499.4026261335569,1501.1801923554121
436000,2023-09-23 14:00:00+00:00,Luton Town FC,Wolverhampton Wanderers FC,1443.8764755156049,1459.9176189769953
436001,2023-09-23 14:00:00+00:00,Manchester City FC,Nottingham Forest FC,1570.0952174920403,1498.796233443365
435994,2023-09-23 16:30:00+00:00,Brentford FC,Everton FC,1496.324047981092,1443.8800742273986
435996,2023-09-23 19:00:00+00:00,Burnley FC,Manchester United FC,1459.981042389447,1486.1583182998272
435997,2023-09-24 13:00:00+00:00,Chelsea FC,Aston Villa FC,1483.8700706695065,1515.6494438331474
435999,2023-09-24 13:00:00+00:00,Liverpool FC,West Ham United FC,1555.647213763379,1528.5471943945092
435993,2023-09-24 13:00:00+00:00,Arsenal FC,Tottenham Hotspur FC,1554.347296591214,1553.2456232248103
435995,2023-09-24 13:00:00+00:00,Brighton & Hove Albion FC,AFC Bournemouth,1540.7724460053646,1473.6760205913142
436002,2023-09-24 15:30:00+00:00,Sheffield United FC,Newcastle United FC,1446.0288705280404,1488.6039735839747
436004,2023-09-30 11:30:00+00:00,Aston Villa FC,Brighton & Hove Albion FC,1529.2812315774872,1552.9111430631885
436003,2023-09-30 14:00:00+00:00,AFC Bournemouth,Arsenal FC,1461.5373235334903,1554.2997336880417
436005,2023-09-30 14:00:00+00:00,Everton FC,Luton Town FC,1461.127221617744,1444.5685356690824
436007,2023-09-30 14:00:00+00:00,Manchester United FC,Crystal Palace FC,1500.0302881609975,1499.4793691667796
436008,2023-09-30 14:00:00+00:00,Newcastle United FC,Burnley FC,1501.7750042583473,1446.1090725282768
436011,2023-09-30 14:00:00+00:00,West Ham United FC,Sheffield United FC,1514.7148292698405,1432.8578398536679
436012,2023-09-30 14:00:00+00:00,Wolverhampton Wanderers FC,Manchester City FC,1459.2255588235178,1582.0594884819905
436010,2023-09-30 16:30:00+00:00,Tottenham Hotspur FC,Liverpool FC,1553.2931861279826,1569.4795788880479
436009,2023-10-01 13:00:00+00:00,Nottingham Forest FC,Brentford FC,1486.831962453415,1479.0769005907466
436006,2023-10-02 19:00:00+00:00,Fulham FC,Chelsea FC,1501.1034493221894,1470.2382829251667
435957,2023-10-03 18:30:00+00:00,Luton Town FC,Burnley FC,1460.2828908162362,1433.492008598113
436019,2023-10-07 11:30:00+00:00,Luton Town FC,Tottenham Hotspur FC,1444.128522507631,1568.991503728097
436015,2023-10-07 14:00:00+00:00,Burnley FC,Chelsea FC,1449.6463769067182,1486.5673447826687
436017,2023-10-07 14:00:00+00:00,Everton FC,AFC Bournemouth,1445.4128664705902,1450.449674131133
436018,2023-10-07 14:00:00+00:00,Fulham FC,Sheffield United FC,1484.7743874646874,1421.3279197063937
436020,2023-10-07 14:00:00+00:00,Manchester United FC,Brentford FC,1485.006503095991,1479.41165793273
436016,2023-10-07 16:30:00+00:00,Crystal Palace FC,Nottingham Forest FC,1514.503154231786,1486.4972051114316
436014,2023-10-08 13:00:00+00:00,Brighton & Hove Albion FC,Liverpool FC,1536.8925278887427,1553.7812612879334
436021,2023-10-08 13:00:00+00:00,West Ham United FC,Newcastle United FC,1526.2447494171147,1514.392068188511
436022,2023-10-08 13:00:00+00:00,Wolverhampton Wanderers FC,Aston Villa FC,1479.3182869081481,1545.299846751933
436013,2023-10-08 15:30:00+00:00,Arsenal FC,Manchester City FC,1565.387383090399,1561.96676039736
436027,2023-10-21 11:30:00+00:00,Liverpool FC,Everton FC,1553.0526898119451,1460.6303077048112
436030,2023-10-21 14:00:00+00:00,Nottingham Forest FC,Luton Town FC,1487.7037071440031,1434.2985997027129
436029,2023-10-21 14:00:00+00:00,Newcastle United FC,Crystal Palace FC,1514.9035911475328,1513.2966521992146
436023,2023-10-21 14:00:00+00:00,AFC Bournemouth,Wolverhampton Wanderers FC,1435.232232896912,1482.1331803837904
436025,2023-10-21 14:00:00+00:00,Brentford FC,Burnley FC,1464.6531859383895,1436.2344099954937
436028,2023-10-21 14:00:00+00:00,Manchester City FC,Brighton & Hove Albion FC,1547.1144357788683,1537.621099364731
436026,2023-10-21 16:30:00+00:00,Chelsea FC,Arsenal FC,1499.9793116938931,1580.2397077088908
436031,2023-10-21 19:00:00+00:00,Sheffield United FC,Manchester United FC,1409.037075910479,1499.7649750903315
436024,2023-10-22 15:30:00+00:00,Aston Villa FC,West Ham United FC,1542.4849532762908,1525.733226458093
436032,2023-10-23 19:00:00+00:00,Tottenham Hotspur FC,Fulham FC,1578.8214265330153,1497.065231260602
436038,2023-10-27 19:00:00+00:00,Crystal Palace FC,Tottenham Hotspur FC,1498.3660288357853,1590.3554657007655
436037,2023-10-28 11:30:00+00:00,Chelsea FC,Brentford FC,1503.3840810896165,1478.428977747462
436034,2023-10-28 14:00:00+00:00,Arsenal FC,Sheffield United FC,1576.8349383131674,1397.867440768275
436033,2023-10-28 14:00:00+00:00,AFC Bournemouth,Burnley FC,1422.2448989388056,1422.458618186421
436042,2023-10-28 16:30:00+00:00,Wolverhampton Wanderers FC,Newcastle United FC,1495.1205143418968,1529.834214510962
436041,2023-10-29 13:00:00+00:00,West Ham United FC,Everton FC,1511.4558967264666,1449.5289732989218
436035,2023-10-29 14:00:00+00:00,Aston Villa FC,Luton Town FC,1556.7622830079172,1436.5862943802454
436036,2023-10-29 14:00:00+00:00,Brighton & Hove Albion FC,Fulham FC,1523.0308576739112,1485.5311920928518
436039,2023-10-29 14:00:00+00:00,Liverpool FC,Nottingham Forest FC,1564.1540242178346,1485.4160124664706
436040,2023-10-29 15:30:00+00:00,Manchester United FC,Manchester City FC,1510.9346102325355,1561.704677469688
436046,2023-11-04 12:30:00+00:00,Fulham FC,Manchester United FC,1487.1439251610634,1498.111060707066
436048,2023-11-04 15:00:00+00:00,Manchester City FC,AFC Bournemouth,1574.5282269951576,1437.2541259392726
436045,2023-11-04 15:00:00+00:00,Everton FC,Brighton & Hove Albion FC,1467.1746157455345,1521.4181246056996
436051,2023-11-04 15:00:00+00:00,Sheffield United FC,Wolverhampton Wanderers FC,1389.9761955537285,1496.6142579657617
436043,2023-11-04 15:00:00+00:00,Brentford FC,West Ham United FC,1494.5045271948932,1493.8102542798538
436044,2023-11-04 15:00:00+00:00,Burnley FC,Crystal Palace FC,1407.449391185954,1487.2472597412318
436049,2023-11-04 17:30:00+00:00,Newcastle United FC,Arsenal FC,1528.3404708870971,1584.7261835277138
436050,2023-11-05 14:00:00+00:00,Nottingham Forest FC,Aston Villa FC,1473.7583799526913,1566.7713422623797
436047,2023-11-05 16:30:00+00:00,Luton Town FC,Liverpool FC,1426.5772351257829,1575.811656731614
436052,2023-11-06 20:00:00+00:00,Tottenham Hotspur FC,Chelsea FC,1601.474234795319,1487.3085316421855
436062,2023-11-11 12:30:00+00:00,Wolverhampton Wanderers FC,Tottenham Hotspur FC,1477.1496469180768,1581.7153642815792
436054,2023-11-11 15:00:00+00:00,Arsenal FC,Burnley FC,1567.3129662863405,1395.8352147911587
436058,2023-11-11 15:00:00+00:00,Crystal Palace FC,Everton FC,1498.8614361360271,1469.4976521037818
436060,2023-11-11 15:00:00+00:00,Manchester United FC,Luton Town FC,1512.6377286045843,1432.6511768089367
436053,2023-11-11 17:30:00+00:00,AFC Bournemouth,Newcastle United FC,1427.8904394488363,1545.7536881284705
436061,2023-11-12 14:00:00+00:00,West Ham United FC,Nottingham Forest FC,1478.8402284111692,1492.6808099769091
436059,2023-11-12 14:00:00+00:00,Liverpool FC,Brentford FC,1569.7377150484601,1509.4745530635778
436056,2023-11-12 14:00:00+00:00,Brighton & Hove Albion FC,Sheffield United FC,1519.0950882474524,1409.4408066014134
436055,2023-11-12 14:00:00+00:00,Aston Villa FC,Fulham FC,1547.8489122381618,1472.617257263545
436057,2023-11-12 16:30:00+00:00,Chelsea FC,Manchester City FC,1507.0674021559253,1583.891913485594
436068,2023-11-25 12:30:00+00:00,Manchester City FC,Liverpool FC,1580.628152353814,1582.1617267173235
436064,2023-11-25 15:00:00+00:00,Burnley FC,West Ham United FC,1387.6906882844464,1494.437458461988
436067,2023-11-25 15:00:00+00:00,Luton Town FC,Crystal Palace FC,1421.0447305299228,1482.5967095175442
436069,2023-11-25 15:00:00+00:00,Newcastle United FC,Chelsea FC,1525.8517380107387,1510.3311632877053
436070,2023-11-25 15:00:00+00:00,Nottingham Forest FC,Brighton & Hove Albion FC,1477.0835799260904,1514.5121016444218
436071,2023-11-25 15:00:00+00:00,Sheffield United FC,AFC Bournemouth,1414.023793204444,1447.792389566568
436063,2023-11-25 17:30:00+00:00,Brentford FC,Arsenal FC,1497.0505413947144,1575.4574927930528
436072,2023-11-26 14:00:00+00:00,Tottenham Hotspur FC,Aston Villa FC,1562.3324414397612,1559.650729475135
436065,2023-11-26 16:30:00+00:00,Everton FC,Manchester United FC,1485.7623787222647,1524.2441748835981
436066,2023-11-27 20:00:00+00:00,Fulham FC,Wolverhampton Wanderers FC,1460.8154400265719,1496.5325697598948
436074,2023-12-02 15:00:00+00:00,Arsenal FC,Wolverhampton Wanderers FC,1587.1287115522814,1479.9959466600374
436075,2023-12-02 15:00:00+00:00,Brentford FC,Luton Town FC,1485.3793226354858,1438.6746859184389
436076,2023-12-02 15:00:00+00:00,Burnley FC,Sheffield United FC,1377.1595764464487,1400.4771272076296
436081,2023-12-02 17:30:00+00:00,Nottingham Forest FC,Everton FC,1463.693276905645,1472.417010780753
436080,2023-12-02 20:00:00+00:00,Newcastle United FC,Manchester United FC,1540.182106308989,1537.58954282511
436073,2023-12-03 14:00:00+00:00,AFC Bournemouth,Aston Villa FC,1461.3390555633825,1574.7665059883313
436077,2023-12-03 14:00:00+00:00,Chelsea FC,Brighton & Hove Albion FC,1496.000794989455,1527.9024046648672
436078,2023-12-03 14:00:00+00:00,Liverpool FC,Fulham FC,1582.0955174197807,1477.3520631264294
436082,2023-12-03 14:00:00+00:00,West Ham United FC,Crystal Palace FC,1504.9685702999857,1464.9667541290282
436079,2023-12-03 16:30:00+00:00,Manchester City FC,Tottenham Hotspur FC,1580.6943616513568,1547.2166649265648
436090,2023-12-05 19:30:00+00:00,Wolverhampton Wanderers FC,Burnley FC,1469.4800153639046,1393.1647672970566
436087,2023-12-05 20:15:00+00:00,Luton Town FC,Arsenal FC,1425.6790285015247,1597.6446428484142
436084,2023-12-06 19:30:00+00:00,Brighton & Hove Albion FC,Brentford FC,1511.5289591107999,1498.3749800524
436086,2023-12-06 19:30:00+00:00,Fulham FC,Nottingham Forest FC,1466.742003290275,1449.0698316420292
436088,2023-12-06 19:30:00+00:00,Sheffield United FC,Liverpool FC,1384.4719363570216,1592.705577255935
436091,2023-12-06 19:30:00+00:00,Crystal Palace FC,AFC Bournemouth,1466.6861805220594,1466.0692419465292
436083,2023-12-06 20:15:00+00:00,Aston Villa FC,Manchester City FC,1570.0363196051846,1579.253469902966
436092,2023-12-06 20:15:00+00:00,Manchester United FC,Chelsea FC,1522.7014707107578,1512.3742405435223
436085,2023-12-07 19:30:00+00:00,Everton FC,Newcastle United FC,1487.0404560443687,1555.070178423341
436089,2023-12-07 20:15:00+00:00,Tottenham Hotspur FC,West Ham United FC,1548.6575566749557,1503.2491439069545
436095,2023-12-09 12:30:00+00:00,Crystal Palace FC,Liverpool FC,1451.659545170667,1599.6568317689103
436094,2023-12-09 15:00:00+00:00,Brighton & Hove Albion FC,Burnley FC,1525.9613273715152,1381.40757600986
436099,2023-12-09 15:00:00+00:00,Manchester United FC,AFC Bournemouth,1537.255739607727,1481.0958772979218
436100,2023-12-09 15:00:00+00:00,Sheffield United FC,Brentford FC,1377.5206818440463,1483.9426117916846
436102,2023-12-09 15:00:00+00:00,Wolverhampton Wanderers FC,Nottingham Forest FC,1481.2372066511014,1434.8321433171368
436093,2023-12-09 17:30:00+00:00,Aston Villa FC,Arsenal FC,1585.434162642975,1605.772516858789
436096,2023-12-10 14:00:00+00:00,Everton FC,Chelsea FC,1504.9405665147208,1497.819971646553
436097,2023-12-10 14:00:00+00:00,Fulham FC,West Ham United FC,1480.9796916151674,1520.1984960584136
436098,2023-12-10 14:00:00+00:00,Luton Town FC,Manchester City FC,1417.5511544911499,1563.8556268651755
436101,2023-12-10 16:30:00+00:00,Tottenham Hotspur FC,Newcastle United FC,1531.7082045234965,1537.170067952989
436111,2023-12-15 20:00:00+00:00,Nottingham Forest FC,Tottenham Hotspur FC,1436.8237817476925,1546.9439926996458
436110,2023-12-16 15:00:00+00:00,Newcastle United FC,Fulham FC,1521.9342797768397,1497.6657483014837
436109,2023-12-16 15:00:00+00:00,Manchester City FC,Crystal Palace FC,1572.887799812904,1442.688768908853
436107,2023-12-16 15:00:00+00:00,Chelsea FC,Sheffield United FC,1483.1273494038749,1396.9767867793662
436106,2023-12-16 17:30:00+00:00,Burnley FC,Everton FC,1387.311655304176,1519.633188757399
436104,2023-12-17 14:00:00+00:00,Arsenal FC,Brighton & Hove Albion FC,1589.895441135486,1520.0572480771991
436105,2023-12-17 14:00:00+00:00,Brentford FC,Aston Villa FC,1464.4865068563647,1601.311238366278
436112,2023-12-17 14:00:00+00:00,West Ham United FC,Wolverhampton Wanderers FC,1503.5124393720973,1479.2455682205457
436108,2023-12-17 16:30:00+00:00,Liverpool FC,Manchester United FC,1608.627608030724,1519.8520217250818
436114,2023-12-21 20:00:00+00:00,Crystal Palace FC,Brighton & Hove Albion FC,1448.0607687787674,1508.0324416602714
436113,2023-12-22 20:00:00+00:00,Aston Villa FC,Sheffield United FC,1610.691594562532,1385.621805587023
436121,2023-12-23 12:30:00+00:00,West Ham United FC,Manchester United FC,1517.4664546902202,1523.6034822912234
436120,2023-12-23 15:00:00+00:00,Tottenham Hotspur FC,Everton FC,1557.3427756020662,1529.1814816259014
436119,2023-12-23 15:00:00+00:00,Nottingham Forest FC,AFC Bournemouth,1426.424998845272,1498.499595180567
436115,2023-12-23 15:00:00+00:00,Fulham FC,Burnley FC,1483.7118043167177,1377.7633624356736
436117,2023-12-23 15:00:00+00:00,Luton Town FC,Newcastle United FC,1408.5189815434214,1535.8882237616058
436116,2023-12-23 17:30:00+00:00,Liverpool FC,Arsenal FC,1604.8761474645826,1601.9202475524137
436122,2023-12-24 13:00:00+00:00,Wolverhampton Wanderers FC,Chelsea FC,1465.2915529024228,1494.4823305962182
436131,2023-12-26 12:30:00+00:00,Newcastle United FC,Nottingham Forest FC,1515.6230351970369,1414.4928276442117
436123,2023-12-26 15:00:00+00:00,AFC Bournemouth,Fulham FC,1510.4317663816273,1464.274344967876
436132,2023-12-26 15:00:00+00:00,Sheffield United FC,Luton Town FC,1394.1746413784767,1428.7841701079903
436127,2023-12-26 17:30:00+00:00,Burnley FC,Liverpool FC,1397.2008217845153,1604.7485340859
436130,2023-12-26 20:00:00+00:00,Manchester United FC,Aston Villa FC,1508.3385530640617,1602.138758771078
436128,2023-12-27 19:30:00+00:00,Chelsea FC,Crystal Palace FC,1478.2250204731315,1450.6245419024108
436125,2023-12-27 19:30:00+00:00,Brentford FC,Wolverhampton Wanderers FC,1455.1061506601109,1481.5488630255095
436129,2023-12-27 20:15:00+00:00,Everton FC,Manchester City FC,1515.3946468051702,1567.5157999429896
436126,2023-12-28 19:30:00+00:00,Brighton & Hove Albion FC,Tottenham Hotspur FC,1505.468668536628,1571.1296104227974
436124,2023-12-28 20:15:00+00:00,Arsenal FC,West Ham United FC,1602.0478609310962,1532.731383917382
436137,2023-12-30 12:30:00+00:00,Luton Town FC,Chelsea FC,1442.2948794594813,1492.0359123831831
436133,2023-12-30 15:00:00+00:00,Aston Villa FC,Burnley FC,1583.1846836166287,1390.2284574974444
436134,2023-12-30 15:00:00+00:00,Crystal Palace FC,Brentford FC,1436.8136499923592,1441.2455751458747
436138,2023-12-30 15:00:00+00:00,Manchester City FC,Sheffield United FC,1580.2822789375039,1380.6639320269858
436142,2023-12-30 15:00:00+00:00,Wolverhampton Wanderers FC,Everton FC,1495.4094385397457,1502.628167810656
436139,2023-12-30 17:30:00+00:00,Nottingham Forest FC,Manchester United FC,1433.739702444262,1527.292628218511
436135,2023-12-31 14:00:00+00:00,Fulham FC,Arsenal FC,1451.2554793312015,1584.094311937276
436140,2023-12-31 14:00:00+00:00,Tottenham Hotspur FC,AFC Bournemouth,1553.3280739782792,1523.4506320183018
436136,2024-01-01 20:00:00+00:00,Liverpool FC,Newcastle United FC,1611.7208983729709,1496.3761603969865
436141,2024-01-02 19:30:00+00:00,West Ham United FC,Brighton & Hove Albion FC,1550.6849329112022,1523.2702049811462
436147,2024-01-12 19:45:00+00:00,Burnley FC,Luton Town FC,1382.796498603883,1429.4278197038373
436148,2024-01-13 12:30:00+00:00,Chelsea FC,Fulham FC,1504.9029721388272,1471.7265594340136
436151,2024-01-13 17:30:00+00:00,Newcastle United FC,Manchester City FC,1486.1807610012054,1587.501908501341
436149,2024-01-14 14:00:00+00:00,Everton FC,Aston Villa FC,1487.3165550543185,1590.61664251019
436150,2024-01-14 16:30:00+00:00,Manchester United FC,Tottenham Hotspur FC,1508.348489014432,1567.0413313776478
436144,2024-01-20 12:30:00+00:00,Arsenal FC,Crystal Palace FC,1563.623231834464,1452.0049812046243
436145,2024-01-20 17:30:00+00:00,Brentford FC,Nottingham Forest FC,1426.0542439336095,1452.683841648341
436152,2024-01-21 14:00:00+00:00,Sheffield United FC,West Ham United FC,1373.4443024631487,1549.5037942607441
436143,2024-01-21 16:30:00+00:00,AFC Bournemouth,Liverpool FC,1509.7373746189332,1621.916297768752
436146,2024-01-22 19:45:00+00:00,Brighton & Hove Albion FC,Wolverhampton Wanderers FC,1524.4513436316042,1510.721051296083
436153,2024-01-30 19:30:00+00:00,Nottingham Forest FC,Arsenal FC,1436.536395558547,1573.9635025135428
436155,2024-01-30 19:45:00+00:00,Luton Town FC,Brighton & Hove Albion FC,1427.426585981551,1523.8588676612092
436156,2024-01-30 19:45:00+00:00,Fulham FC,Everton FC,1458.154562660706,1491.6494484150414
436157,2024-01-30 20:00:00+00:00,Crystal Palace FC,Sheffield United FC,1441.6647105255454,1380.4553210461352
436158,2024-01-30 20:15:00+00:00,Aston Villa FC,Newcastle United FC,1586.2837491494672,1475.4352173608206
436159,2024-01-31 19:30:00+00:00,Tottenham Hotspur FC,Brentford FC,1564.5311904070754,1442.2016900234037
436161,2024-01-31 19:30:00+00:00,Manchester City FC,Burnley FC,1598.2474521417257,1384.7977323261694
436162,2024-01-31 20:15:00+00:00,Liverpool FC,Chelsea FC,1632.234709204853,1518.4749689121347
436154,2024-02-01 19:30:00+00:00,West Ham United FC,AFC Bournemouth,1542.4927756777577,1499.4189631828322
436160,2024-02-01 20:15:00+00:00,Wolverhampton Wanderers FC,Manchester United FC,1511.313527266478,1510.8586299850044
436169,2024-02-03 12:30:00+00:00,Everton FC,Tottenham Hotspur FC,1490.2078214078454,1574.457739415322
436171,2024-02-03 15:00:00+00:00,Newcastle United FC,Luton Town FC,1495.0649015381723,1446.4861879516945
436166,2024-02-03 15:00:00+00:00,Brighton & Hove Albion FC,Crystal Palace FC,1504.7992656910656,1454.0490937099426
436167,2024-02-03 15:00:00+00:00,Burnley FC,Fulham FC,1378.005541906496,1459.596189667902
436172,2024-02-03 17:30:00+00:00,Sheffield United FC,Aston Villa FC,1368.070937861738,1566.6540649721155
436163,2024-02-04 14:00:00+00:00,AFC Bournemouth,Nottingham Forest FC,1501.2691396926746,1427.1783812442889
436168,2024-02-04 14:00:00+00:00,Chelsea FC,Wolverhampton Wanderers FC,1508.2180708836697,1496.2938877833412
436170,2024-02-04 14:00:00+00:00,Manchester United FC,West Ham United FC,1525.8782694681413,1540.6425991679153
436164,2024-02-04 16:30:00+00:00,Arsenal FC,Liverpool FC,1583.321516827801,1642.491607233318
436165,2024-02-05 20:00:00+00:00,Brentford FC,Manchester City FC,1432.275141015157,1605.039642561399
436178,2024-02-10 12:30:00+00:00,Manchester City FC,Everton FC,1613.14029395692,1493.7755262449673
436182,2024-02-10 15:00:00+00:00,Wolverhampton Wanderers FC,Brentford FC,1511.8084941147313,1424.174489619636
436177,2024-02-10 15:00:00+00:00,Luton Town FC,Sheffield United FC,1448.5699382724001,1360.8185883095284
436180,2024-02-10 15:00:00+00:00,Tottenham Hotspur FC,Brighton & Hove Albion FC,1570.8900345782001,1517.623656087309
436176,2024-02-10 15:00:00+00:00,Liverpool FC,Burnley FC,1624.9614434223422,1381.4647363302204
436175,2024-02-10 15:00:00+00:00,Fulham FC,AFC Bournemouth,1456.1369952441778,1498.1180069936268
436179,2024-02-10 17:30:00+00:00,Nottingham Forest FC,Newcastle United FC,1430.3295139433367,1492.9811512174667
436181,2024-02-11 14:00:00+00:00,West Ham United FC,Arsenal FC,1525.005555235229,1600.8516806387768
436173,2024-02-11 16:30:00+00:00,Aston Villa FC,Manchester United FC,1573.906414524325,1541.5153134008276
436174,2024-02-12 20:00:00+00:00,Crystal Palace FC,Chelsea FC,1441.2247033136991,1492.7034645522797
436183,2024-02-17 12:30:00+00:00,Brentford FC,Liverpool FC,1442.8797090827795,1630.8879344390355
436190,2024-02-17 15:00:00+00:00,Nottingham Forest FC,West Ham United FC,1418.0054602718585,1513.229051262332
436189,2024-02-17 15:00:00+00:00,Newcastle United FC,AFC Bournemouth,1505.305204888945,1481.3143105665429
436192,2024-02-17 15:00:00+00:00,Tottenham Hotspur FC,Wolverhampton Wanderers FC,1583.6081903519496,1493.1032746515878
436184,2024-02-17 15:00:00+00:00,Burnley FC,Arsenal FC,1375.538245313527,1612.6281846116738
436186,2024-02-17 15:00:00+00:00,Fulham FC,Aston Villa FC,1472.9406916712617,1557.5120158174975
436188,2024-02-17 17:30:00+00:00,Manchester City FC,Chelsea FC,1623.180523212081,1505.497070357632
436191,2024-02-18 14:00:00+00:00,Sheffield United FC,Brighton & Hove Albion FC,1379.5285644656474,1504.9055003135595
436187,2024-02-18 16:30:00+00:00,Luton Town FC,Manchester United FC,1429.8599621162812,1557.9097121076552
436185,2024-02-19 20:00:00+00:00,Everton FC,Crystal Palace FC,1483.7352969898063,1428.4310975083467
436118,2024-02-20 19:30:00+00:00,Manchester City FC,Brentford FC,1618.2855076814005,1435.2873652394023
436199,2024-02-21 19:30:00+00:00,Liverpool FC,Luton Town FC,1638.4802782824127,1420.1508929418844
436200,2024-02-24 15:00:00+00:00,Manchester United FC,Fulham FC,1567.618781282052,1461.521484849106
436195,2024-02-24 15:00:00+00:00,Aston Villa FC,Nottingham Forest FC,1568.9312226396532,1437.0166557168602
436196,2024-02-24 15:00:00+00:00,Brighton & Hove Albion FC,Everton FC,1514.715879939981,1481.3675865330226
436198,2024-02-24 15:00:00+00:00,Crystal Palace FC,Burnley FC,1430.7988079651304,1369.434403877129
436193,2024-02-24 17:30:00+00:00,AFC Bournemouth,Manchester City FC,1482.348437653858,1626.042563490874
436194,2024-02-24 20:00:00+00:00,Arsenal FC,Newcastle United FC,1618.732026048072,1504.2710778016299
436202,2024-02-25 13:30:00+00:00,Wolverhampton Wanderers FC,Sheffield United FC,1511.9246388158497,1369.7181848392258
436201,2024-02-26 20:00:00+00:00,West Ham United FC,Brentford FC,1494.2178558173302,1427.5303094299288
436203,2024-03-02 15:00:00+00:00,Brentford FC,Chelsea FC,1415.3745981620375,1510.3920858883125
436205,2024-03-02 15:00:00+00:00,Everton FC,West Ham United FC,1482.8029428449495,1506.3735670852216
436206,2024-03-02 15:00:00+00:00,Fulham FC,Brighton & Hove Albion FC,1480.9648075961036,1513.2805236280542
436209,2024-03-02 15:00:00+00:00,Newcastle United FC,Wolverhampton Wanderers FC,1494.0414089832977,1521.1064272681858
436210,2024-03-02 15:00:00+00:00,Nottingham Forest FC,Liverpool FC,1427.4531071124568,1645.1260099559984
436212,2024-03-02 15:00:00+00:00,Tottenham Hotspur FC,Crystal Palace FC,1564.7868261876877,1443.1767026318719
436207,2024-03-02 17:30:00+00:00,Luton Town FC,Aston Villa FC,1413.5051612682987,1578.4947712440567
436204,2024-03-03 13:00:00+00:00,Burnley FC,AFC Bournemouth,1357.0565092103875,1473.2211231605982
436208,2024-03-03 15:30:00+00:00,Manchester City FC,Manchester United FC,1635.1698779841338,1548.1754585350543
436211,2024-03-04 20:00:00+00:00,Sheffield United FC,Arsenal FC,1360.5363963868897,1628.961694866404
436220,2024-03-09 12:30:00+00:00,Manchester United FC,Everton FC,1536.8547379734428,1468.8190101573955
436213,2024-03-09 15:00:00+00:00,AFC Bournemouth,Sheffield United FC,1483.3847813091031,1355.2628918790338
436218,2024-03-09 15:00:00+00:00,Crystal Palace FC,Luton Town FC,1433.2226294144734,1405.1371476832073
436222,2024-03-09 15:00:00+00:00,Wolverhampton Wanderers FC,Fulham FC,1504.9402943663827,1497.3559797269616
436214,2024-03-09 17:30:00+00:00,Arsenal FC,Brentford FC,1634.23519937426,1419.3775304113776
436215,2024-03-10 13:00:00+00:00,Aston Villa FC,Tottenham Hotspur FC,1586.862784829148,1574.740899405086
436216,2024-03-10 14:00:00+00:00,Brighton & Hove Albion FC,Nottingham Forest FC,1496.8893514971962,1420.7878039700026
436221,2024-03-10 14:00:00+00:00,West Ham United FC,Burnley FC,1520.3574997727756,1346.8928510618825
436219,2024-03-10 15:45:00+00:00,Liverpool FC,Manchester City FC,1651.7913130984525,1646.4905985457453
436217,2024-03-11 20:00:00+00:00,Chelsea FC,Newcastle United FC,1506.3891536389724,1510.207541885101
436103,2024-03-13 19:30:00+00:00,AFC Bournemouth,Luton Town FC,1478.0911236730167,1406.3470611372757
436229,2024-03-16 15:00:00+00:00,Luton Town FC,Nottingham Forest FC,1394.4012139032102,1409.0218165242693
436225,2024-03-16 15:00:00+00:00,Burnley FC,Brentford FC,1353.816010355746,1412.6278313971748
436228,2024-03-16 17:30:00+00:00,Fulham FC,Tottenham Hotspur FC,1482.6833689100615,1590.2640310184906
436231,2024-03-17 14:00:00+00:00,West Ham United FC,Aston Villa FC,1513.4343404789122,1571.3396532157435
436239,2024-03-30 12:30:00+00:00,Newcastle United FC,West Ham United FC,1495.0426954497404,1515.9114207114912
436233,2024-03-30 15:00:00+00:00,AFC Bournemouth,Everton FC,1490.0369709070822,1456.7193702105913
436236,2024-03-30 15:00:00+00:00,Chelsea FC,Burnley FC,1521.5540000743329,1371.3311439158017
436240,2024-03-30 15:00:00+00:00,Nottingham Forest FC,Crystal Palace FC,1408.3909667047392,1432.012715960405
436241,2024-03-30 15:00:00+00:00,Sheffield United FC,Fulham FC,1360.5565495151202,1502.1850400438148
436242,2024-03-30 15:00:00+00:00,Tottenham Hotspur FC,Luton Town FC,1570.7623598847374,1395.0320637227403
436234,2024-03-30 17:30:00+00:00,Aston Villa FC,Wolverhampton Wanderers FC,1568.8625729831645,1519.6129051832827
436235,2024-03-30 20:00:00+00:00,Brentford FC,Manchester United FC,1395.112697837119,1548.954377920247
436237,2024-03-31 13:00:00+00:00,Liverpool FC,Brighton & Hove Albion FC,1651.5624806096766,1508.6553389429296
436238,2024-03-31 15:30:00+00:00,Manchester City FC,Arsenal FC,1646.7194310345212,1640.9848983884629
436247,2024-04-02 18:30:00+00:00,Nottingham Forest FC,Fulham FC,1409.409231111866,1496.3880406823876
436250,2024-04-02 18:30:00+00:00,Newcastle United FC,Everton FC,1510.9425887905675,1443.1534135341776
436243,2024-04-02 18:45:00+00:00,AFC Bournemouth,Crystal Palace FC,1503.6029275834958,1430.9944515532784
436246,2024-04-02 18:45:00+00:00,Burnley FC,Wolverhampton Wanderers FC,1377.4407214114306,1506.7250562626764
436248,2024-04-02 19:15:00+00:00,West Ham United FC,Tottenham Hotspur FC,1500.0115273706642,1578.762453815428
436244,2024-04-03 18:30:00+00:00,Arsenal FC,Luton Town FC,1641.232455584578,1387.0319697920497
436245,2024-04-03 18:30:00+00:00,Brentford FC,Brighton & Hove Albion FC,1401.3520379626098,1499.4992301610143
436252,2024-04-03 19:15:00+00:00,Manchester City FC,Aston Villa FC,1646.471873838406,1581.7504219037708
436251,2024-04-04 18:30:00+00:00,Liverpool FC,Sheffield United FC,1660.7185893915919,1366.3535488765474
436249,2024-04-04 19:15:00+00:00,Chelsea FC,Manchester United FC,1515.444422578704,1542.7150377947562
436255,2024-04-06 11:30:00+00:00,Crystal Palace FC,Manchester City FC,1419.084358695472,1658.7095032418563
436253,2024-04-06 14:00:00+00:00,Aston Villa FC,Brentford FC,1569.5127925003205,1405.4801634373725
436256,2024-04-06 14:00:00+00:00,Everton FC,Burnley FC,1446.043525620944,1382.7782633130091
436257,2024-04-06 14:00:00+00:00,Fulham FC,Newcastle United FC,1477.7093946365367,1508.0524767038012
436258,2024-04-06 14:00:00+00:00,Luton Town FC,AFC Bournemouth,1381.3930562210714,1515.5130204413022
436262,2024-04-06 14:00:00+00:00,Wolverhampton Wanderers FC,West Ham United FC,1501.3875143610978,1503.3544247407515
436254,2024-04-06 16:30:00+00:00,Brighton & Hove Albion FC,Arsenal FC,1495.3711046862516,1646.8713691555563
436259,2024-04-07 14:30:00+00:00,Manchester United FC,Liverpool FC,1526.5400826140185,1665.3741328210385
436260,2024-04-07 16:30:00+00:00,Sheffield United FC,Chelsea FC,1361.6980054471007,1531.6193777594417
436261,2024-04-07 17:00:00+00:00,Tottenham Hotspur FC,Nottingham Forest FC,1575.4195564453407,1428.0878771577168
436270,2024-04-13 11:30:00+00:00,Newcastle United FC,Tottenham Hotspur FC,1521.7457810437065,1584.4144450724543
436271,2024-04-13 14:00:00+00:00,Nottingham Forest FC,Wolverhampton Wanderers FC,1419.0929885306032,1486.4724318011538
436269,2024-04-13 14:00:00+00:00,Manchester City FC,Luton Town FC,1664.7426973378203,1401.9120243519153
436265,2024-04-13 14:00:00+00:00,Brentford FC,Sheffield United FC,1412.0788697532798,1368.5002113489134
436266,2024-04-13 14:00:00+00:00,Burnley FC,Brighton & Hove Albion FC,1370.4798507326132,1486.5266140686426
436263,2024-04-13 16:30:00+00:00,AFC Bournemouth,Manchester United FC,1494.9940523104583,1532.2341377315022
436268,2024-04-14 13:00:00+00:00,Liverpool FC,Crystal Palace FC,1659.6800777035548,1413.051164599508
436272,2024-04-14 13:00:00+00:00,West Ham United FC,Fulham FC,1518.2695073006955,1464.0160902966313
436264,2024-04-14 15:30:00+00:00,Arsenal FC,Aston Villa FC,1655.7158597731652,1562.9140861844132
436267,2024-04-15 19:00:00+00:00,Chelsea FC,Everton FC,1524.817171857629,1458.3419382013399
436280,2024-04-20 14:00:00+00:00,Sheffield United FC,Burnley FC,1355.3718483434172,1375.311632998131
436278,2024-04-20 14:00:00+00:00,Luton Town FC,Brentford FC,1396.4970747343225,1425.207232758776
436282,2024-04-20 18:30:00+00:00,Wolverhampton Wanderers FC,Arsenal FC,1483.5993564344349,1636.8019253782775
436276,2024-04-21 12:30:00+00:00,Everton FC,Nottingham Forest FC,1446.1773892107758,1421.966063897322
436273,2024-04-21 14:00:00+00:00,Aston Villa FC,AFC Bournemouth,1581.828020579301,1496.595707062512
436275,2024-04-21 14:00:00+00:00,Crystal Palace FC,West Ham United FC,1437.2099537771064,1500.9460534351308
436277,2024-04-21 15:30:00+00:00,Fulham FC,Liverpool FC,1481.339544162196,1635.5212885259564
436223,2024-04-23 19:00:00+00:00,Arsenal FC,Chelsea FC,1645.5854212829836,1536.9817208481932
436232,2024-04-24 18:45:00+00:00,Wolverhampton Wanderers FC,AFC Bournemouth,1474.8158605297288,1485.2033989463812
436226,2024-04-24 19:00:00+00:00,Crystal Palace FC,Newcastle United FC,1454.9312046761545,1539.4224390751979
436227,2024-04-24 19:00:00+00:00,Everton FC,Liverpool FC,1460.1337910010636,1644.26981181882
436230,2024-04-24 19:00:00+00:00,Manchester United FC,Sheffield United FC,1530.6324829794485,1341.231774124569
436224,2024-04-25 19:00:00+00:00,Brighton & Hove Albion FC,Manchester City FC,1481.6948318031248,1670.1576469554132
436291,2024-04-27 11:30:00+00:00,West Ham United FC,Liverpool FC,1483.2248025360827,1621.9892551744247
436292,2024-04-27 14:00:00+00:00,Wolverhampton Wanderers FC,Luton Town FC,1460.2641930366462,1382.7337782497364
436288,2024-04-27 14:00:00+00:00,Newcastle United FC,Sheffield United FC,1520.8449067820698,1333.6847968299892
436286,2024-04-27 14:00:00+00:00,Fulham FC,Crystal Palace FC,1472.5910208693324,1473.5087369692824
436287,2024-04-27 14:00:00+00:00,Manchester United FC,Burnley FC,1538.1794602740283,1389.4517072169792
436285,2024-04-27 16:30:00+00:00,Everton FC,Brentford FC,1482.414347645459,1438.970529243362
436284,2024-04-27 19:00:00+00:00,Aston Villa FC,Chelsea FC,1593.2203286954318,1526.5235464134782
436283,2024-04-28 13:00:00+00:00,AFC Bournemouth,Brighton & Hove Albion FC,1499.7550664394637,1474.1173181133154
436290,2024-04-28 13:00:00+00:00,Tottenham Hotspur FC,Arsenal FC,1566.737787040963,1656.0435957176985
436289,2024-04-28 15:30:00+00:00,Nottingham Forest FC,Manchester City FC,1408.0096621070343,1677.7351606452225
436197,2024-05-02 18:30:00+00:00,Chelsea FC,Tottenham Hotspur FC,1529.368219552188,1555.510699106912
436300,2024-05-03 19:00:00+00:00,Luton Town FC,Everton FC,1371.0265599799363,1495.5484418039575
436293,2024-05-04 11:30:00+00:00,Arsenal FC,AFC Bournemouth,1667.2706836517496,1513.6502005339146
436294,2024-05-04 14:00:00+00:00,Brentford FC,Fulham FC,1425.8364350848635,1472.6306417661503
436296,2024-05-04 14:00:00+00:00,Burnley FC,Newcastle United FC,1395.507350205618,1528.4649700807277
436302,2024-05-04 14:00:00+00:00,Sheffield United FC,Nottingham Forest FC,1326.0647335313313,1402.7686103788765
436301,2024-05-04 16:30:00+00:00,Manchester City FC,Wolverhampton Wanderers FC,1682.9762123733803,1471.9714113064463
436295,2024-05-05 13:00:00+00:00,Brighton & Hove Albion FC,Aston Villa FC,1460.2221840188645,1590.375655556722
436297,2024-05-05 13:00:00+00:00,Chelsea FC,West Ham United FC,1545.4947558962422,1488.9162856734422
436299,2024-05-05 15:30:00+00:00,Liverpool FC,Tottenham Hotspur FC,1616.2977720370652,1539.384162762858
436298,2024-05-06 19:00:00+00:00,Crystal Palace FC,Manchester United FC,1473.4691160724644,1532.1238172853896
436306,2024-05-11 11:30:00+00:00,Fulham FC,Manchester City FC,1470.6225013141247,1689.842638217511
436312,2024-05-11 14:00:00+00:00,Wolverhampton Wanderers FC,Crystal Palace FC,1465.1049854623157,1490.9776564409267
436311,2024-05-11 14:00:00+00:00,West Ham United FC,Luton Town FC,1476.3376088077086,1376.183655823634
436310,2024-05-11 14:00:00+00:00,Tottenham Hotspur FC,Burnley FC,1527.651588245449,1385.9828759516188
436305,2024-05-11 14:00:00+00:00,Everton FC,Sheffield United FC,1490.39134596026,1314.3235326505499
436303,2024-05-11 14:00:00+00:00,AFC Bournemouth,Brentford FC,1504.8816410355414,1427.8445755368891
436308,2024-05-11 14:00:00+00:00,Newcastle United FC,Brighton & Hove Albion FC,1537.9894443347268,1480.5924691330522
436309,2024-05-11 16:30:00+00:00,Nottingham Forest FC,Chelsea FC,1414.509811259658,1558.0734327619757
436307,2024-05-12 15:30:00+00:00,Manchester United FC,Arsenal FC,1514.6152769169273,1676.0392431501227
436304,2024-05-13 19:00:00+00:00,Aston Villa FC,Liverpool FC,1570.0053704425343,1628.0303465544744
436281,2024-05-14 19:00:00+00:00,Tottenham Hotspur FC,Manchester City FC,1536.8531117963716,1696.4618800432156
436274,2024-05-15 18:45:00+00:00,Brighton & Hove Albion FC,Chelsea FC,1483.048196029576,1567.2055186414998
436279,2024-05-15 19:00:00+00:00,Manchester United FC,Newcastle United FC,1506.1228545762121,1535.533717438203
436320,2024-05-19 15:00:00+00:00,Luton Town FC,Fulham FC,1365.3917301576632,1464.00325948842
436319,2024-05-19 15:00:00+00:00,Liverpool FC,Wolverhampton Wanderers FC,1625.548241213307,1451.2199382628237
436321,2024-05-19 15:00:00+00:00,Manchester City FC,West Ham United FC,1705.0180645501246,1487.1295344736793
436318,2024-05-19 15:00:00+00:00,Crystal Palace FC,Aston Villa FC,1504.8627036404187,1572.4874757837017
436322,2024-05-19 15:00:00+00:00,Sheffield United FC,Tottenham Hotspur FC,1306.3348320117339,1528.2969272894627
436316,2024-05-19 15:00:00+00:00,Burnley FC,Nottingham Forest FC,1376.781352400696,1405.3777253801338
436315,2024-05-19 15:00:00+00:00,Brighton & Hove Albion FC,Manchester United FC,1471.612129115766,1522.389599278573
436314,2024-05-19 15:00:00+00:00,Brentford FC,Newcastle United FC,1446.1170777541631,1519.266972735842
436313,2024-05-19 15:00:00+00:00,Arsenal FC,Everton FC,1684.531665490838,1498.380046599076
436317,2024-05-19 15:00:00+00:00,Chelsea FC,AFC Bournemouth,1578.6415855553098,1486.6091388182674
497410,2024-08-16 19:00:00+00:00,Manchester United FC,Fulham FC,1535.2128359237836,1474.8566121477772
497411,2024-08-17 11:30:00+00:00,Ipswich Town FC,Liverpool FC,1500.0,1633.5957716282453
497412,2024-08-17 14:00:00+00:00,Arsenal FC,Wolverhampton Wanderers FC,1692.1847766513683,1443.1724078478853
497413,2024-08-17 14:00:00+00:00,Everton FC,Brighton & Hove Albion FC,1490.7269354385455,1458.7888924705555
497414,2024-08-17 14:00:00+00:00,Newcastle United FC,Southampton FC,1531.154689738552,1500.0
497415,2024-08-17 14:00:00+00:00,Nottingham Forest FC,AFC Bournemouth,1419.14590109893,1475.4921022334947
497416,2024-08-17 16:30:00+00:00,West Ham United FC,Aston Villa FC,1480.470664283454,1554.6041986766393
497417,2024-08-18 13:00:00+00:00,Brentford FC,Crystal Palace FC,1434.2293607514532,1522.745980747481
497418,2024-08-18 15:30:00+00:00,Chelsea FC,Manchester City FC,1589.7586221400825,1711.6769347403497
497419,2024-08-19 19:00:00+00:00,Leicester City FC,Tottenham Hotspur FC,1500.0,1534.8351024334333
497422,2024-08-24 11:30:00+00:00,Brighton & Hove Albion FC,Manchester United FC,1475.1638977740267,1547.6329484648593
497423,2024-08-24 14:00:00+00:00,Crystal Palace FC,West Ham United FC,1504.0050032838415,1468.6235622209822
497424,2024-08-24 14:00:00+00:00,Fulham FC,Leicester City FC,1462.4364996067015,1501.4989328229085
497426,2024-08-24 14:00:00+00:00,Manchester City FC,Ipswich Town FC,1721.6192115731496,1490.499389727749
497427,2024-08-24 14:00:00+00:00,Southampton FC,Nottingham Forest FC,1486.3414625349735,1421.5574566131163
497428,2024-08-24 14:00:00+00:00,Tottenham Hotspur FC,Everton FC,1533.3361696105248,1474.3519301350743
497421,2024-08-24 16:30:00+00:00,Aston Villa FC,Arsenal FC,1566.451300739111,1697.9617190784693
497420,2024-08-25 13:00:00+00:00,AFC Bournemouth,Newcastle United FC,1473.0805467193084,1544.8132272035784
497429,2024-08-25 13:00:00+00:00,Wolverhampton Wanderers FC,Chelsea FC,1437.3954654207844,1579.8163453072825
497425,2024-08-25 15:30:00+00:00,Liverpool FC,Brentford FC,1643.0963819004962,1452.9703382150929
497430,2024-08-31 11:30:00+00:00,Arsenal FC,Brighton & Hove Albion FC,1707.5404306082216,1493.2480403913512
497431,2024-08-31 14:00:00+00:00,Brentford FC,Southampton FC,1445.4469206306453,1468.5764829433467
497433,2024-08-31 14:00:00+00:00,Everton FC,AFC Bournemouth,1461.874297708731,1476.1342284515706
497434,2024-08-31 14:00:00+00:00,Ipswich Town FC,Fulham FC,1484.2267554189884,1479.1158901650408
497435,2024-08-31 14:00:00+00:00,Leicester City FC,Aston Villa FC,1484.8195422645692,1556.8725892093587
497438,2024-08-31 14:00:00+00:00,Nottingham Forest FC,Wolverhampton Wanderers FC,1439.322436204743,1428.2215397895905
497439,2024-08-31 16:30:00+00:00,West Ham United FC,Manchester City FC,1485.1458431526494,1727.8918458819103
497432,2024-09-01 12:30:00+00:00,Chelsea FC,Crystal Palace FC,1588.9902709384764,1487.4827223521743
497437,2024-09-01 12:30:00+00:00,Newcastle United FC,Tottenham Hotspur FC,1541.7595454713162,1545.813802036868
497436,2024-09-01 15:00:00+00:00,Manchester United FC,Liverpool FC,1529.5488058475348,1650.6197994849438
497447,2024-09-14 11:30:00+00:00,Southampton FC,Manchester United FC,1452.5793720515805,1519.5740797198866
497446,2024-09-14 14:00:00+00:00,Manchester City FC,Brentford FC,1733.8389151151273,1461.4440315224115
497445,2024-09-14 14:00:00+00:00,Liverpool FC,Nottingham Forest FC,1660.594525612592,1438.8433350020616
497442,2024-09-14 14:00:00+00:00,Brighton & Hove Albion FC,Ipswich Town FC,1501.4813041654634,1484.0061175432434
497443,2024-09-14 14:00:00+00:00,Crystal Palace FC,Leicester City FC,1491.7445777694495,1472.8864796065384
497444,2024-09-14 14:00:00+00:00,Fulham FC,West Ham United FC,1479.3365280407859,1479.1987739194324
497441,2024-09-14 16:30:00+00:00,Aston Villa FC,Everton FC,1568.8056518673895,1447.4896029406975
497440,2024-09-14 19:00:00+00:00,AFC Bournemouth,Chelsea FC,1490.5189232196042,1584.7284155212012
497448,2024-09-15 13:00:00+00:00,Tottenham Hotspur FC,Arsenal FC,1530.638773654989,1699.3071668341095
497449,2024-09-15 15:30:00+00:00,Wolverhampton Wanderers FC,Newcastle United FC,1428.700640992272,1556.9345738531952
497459,2024-09-21 11:30:00+00:00,West Ham United FC,Chelsea FC,1479.2047212426144,1595.75790302431
497457,2024-09-21 14:00:00+00:00,Southampton FC,Ipswich Town FC,1440.4364430428493,1484.75994641271
497458,2024-09-21 14:00:00+00:00,Tottenham Hotspur FC,Brentford FC,1522.3979383270414,1456.26911342173
497455,2024-09-21 14:00:00+00:00,Liverpool FC,AFC Bournemouth,1637.1389107002767,1479.4894357164953
497453,2024-09-21 14:00:00+00:00,Fulham FC,Newcastle United FC,1479.3305807176039,1566.636681861406
497454,2024-09-21 14:00:00+00:00,Leicester City FC,Everton FC,1473.6998505511435,1437.5242670226353
497450,2024-09-21 14:00:00+00:00,Aston Villa FC,Wolverhampton Wanderers FC,1578.7709877854518,1418.998532984061
497452,2024-09-21 16:30:00+00:00,Crystal Palace FC,Manchester United FC,1490.9312068248444,1531.7170087286179
497451,2024-09-22 13:00:00+00:00,Brighton & Hove Albion FC,Nottingham Forest FC,1500.7274752959968,1462.2989499143769
497456,2024-09-22 15:30:00+00:00,Manchester City FC,Arsenal FC,1739.0138332158087,1707.5480021620572
497467,2024-09-28 11:30:00+00:00,Newcastle United FC,Manchester City FC,1547.9447584296536,1737.6590461369995
497461,2024-09-28 14:00:00+00:00,Arsenal FC,Leicester City FC,1708.9027892408665,1472.1436447818492
497462,2024-09-28 14:00:00+00:00,Brentford FC,West Ham United FC,1444.090140450856,1469.0560895362353
497463,2024-09-28 14:00:00+00:00,Chelsea FC,Brighton & Hove Albion FC,1605.9065347306891,1499.0751151752847
497464,2024-09-28 14:00:00+00:00,Everton FC,Crystal Palace FC,1439.0804727919297,1492.6840271648093
497468,2024-09-28 14:00:00+00:00,Nottingham Forest FC,Fulham FC,1463.951310035089,1498.0225041493563
497469,2024-09-28 16:30:00+00:00,Wolverhampton Wanderers FC,Liverpool FC,1410.4481100589574,1645.7642408570603
497465,2024-09-29 13:00:00+00:00,Ipswich Town FC,Aston Villa FC,1482.8566610512332,1587.3214107105555
497466,2024-09-29 15:30:00+00:00,Manchester United FC,Tottenham Hotspur FC,1529.964188388653,1534.5769112979153
497460,2024-09-30 19:00:00+00:00,AFC Bournemouth,Southampton FC,1470.8641055597118,1442.339728404326
497475,2024-10-05 11:30:00+00:00,Crystal Palace FC,Liverpool FC,1475.3879648595178,1651.9178772922035
497470,2024-10-05 14:00:00+00:00,Arsenal FC,Southampton FC,1715.015894061405,1428.5684652857658
497472,2024-10-05 14:00:00+00:00,Brentford FC,Wolverhampton Wanderers FC,1445.1661557381847,1404.2944736238142
497477,2024-10-05 14:00:00+00:00,Leicester City FC,AFC Bournemouth,1466.0305399613105,1484.635368678272
497478,2024-10-05 14:00:00+00:00,Manchester City FC,Fulham FC,1730.1958320224926,1511.556229685981
497479,2024-10-05 14:00:00+00:00,West Ham United FC,Ipswich Town FC,1467.9800742489067,1487.2355966011407
497476,2024-10-05 16:30:00+00:00,Everton FC,Newcastle United FC,1456.3765350972212,1555.4079725441604
497474,2024-10-06 13:00:00+00:00,Chelsea FC,Nottingham Forest FC,1616.4343165853757,1450.4175844984643
497471,2024-10-06 13:00:00+00:00,Aston Villa FC,Manchester United FC,1582.942475160648,1515.1633239449977
497473,2024-10-06 15:30:00+00:00,Brighton & Hove Albion FC,Tottenham Hotspur FC,1488.5473333205982,1549.3777757415705
497488,2024-10-19 11:30:00+00:00,Tottenham Hotspur FC,West Ham United FC,1531.7780249333705,1483.8105518559285
497481,2024-10-19 14:00:00+00:00,Fulham FC,Aston Villa FC,1504.9197320803726,1580.0527797828665
497482,2024-10-19 14:00:00+00:00,Ipswich Town FC,Everton FC,1471.405118994119,1460.5399203034738
497484,2024-10-19 14:00:00+00:00,Manchester United FC,Brentford FC,1518.0530193227792,1458.4096783865368
497485,2024-10-19 14:00:00+00:00,Newcastle United FC,Brighton & Hove Albion FC,1551.244587337908,1506.1470841287983
497487,2024-10-19 14:00:00+00:00,Southampton FC,Leicester City FC,1423.7308322645551,1481.8330081069332
497480,2024-10-19 16:30:00+00:00,AFC Bournemouth,Arsenal FC,1468.8329005326493,1719.8535270826158
497489,2024-10-20 13:00:00+00:00,Wolverhampton Wanderers FC,Manchester City FC,1391.050950975462,1736.832329628101
497483,2024-10-20 15:30:00+00:00,Liverpool FC,Chelsea FC,1659.8909960010035,1609.7667009146514
497486,2024-10-21 19:00:00+00:00,Nottingham Forest FC,Crystal Palace FC,1457.0852001691885,1467.4148461507177
497497,2024-10-25 19:00:00+00:00,Leicester City FC,Nottingham Forest FC,1494.3476611668614,1472.5310354791882
497491,2024-10-26 14:00:00+00:00,Aston Villa FC,AFC Bournemouth,1591.8586609530698,1493.1096903878838
497492,2024-10-26 14:00:00+00:00,Brentford FC,Ipswich Town FC,1445.9596881631278,1455.936183517779
497493,2024-10-26 14:00:00+00:00,Brighton & Hove Albion FC,Wolverhampton Wanderers FC,1523.0832384030216,1387.4447607222564
497498,2024-10-26 14:00:00+00:00,Manchester City FC,Southampton FC,1740.4385198813065,1411.216179204627
497496,2024-10-26 16:30:00+00:00,Everton FC,Fulham FC,1476.0088557798138,1493.1138509101693
497495,2024-10-27 14:00:00+00:00,Crystal Palace FC,Tottenham Hotspur FC,1451.969010840718,1544.720161028466
497499,2024-10-27 14:00:00+00:00,West Ham United FC,Manchester United FC,1470.868415760833,1530.5030095461882
497494,2024-10-27 14:00:00+00:00,Chelsea FC,Newcastle United FC,1596.9158507968848,1534.3084330636846
497490,2024-10-27 16:30:00+00:00,Arsenal FC,Liverpool FC,1695.5767372273813,1672.7418461187701
497505,2024-11-02 12:30:00+00:00,Newcastle United FC,Arsenal FC,1521.9825309972025,1694.5922928093473
497500,2024-11-02 15:00:00+00:00,AFC Bournemouth,Manchester City FC,1497.261817477063,1744.358250498351
497502,2024-11-02 15:00:00+00:00,Ipswich Town FC,Leicester City FC,1440.5055819316844,1478.406997741282
497503,2024-11-02 15:00:00+00:00,Liverpool FC,Brighton & Hove Albion FC,1673.726290536804,1517.5076771536144
497506,2024-11-02 15:00:00+00:00,Nottingham Forest FC,West Ham United FC,1488.4716989047674,1488.418058805014
497507,2024-11-02 15:00:00+00:00,Southampton FC,Everton FC,1407.2964485875825,1476.746741715304
497509,2024-11-02 17:30:00+00:00,Wolverhampton Wanderers FC,Crystal Palace FC,1393.0203219716636,1470.8809083736683
497508,2024-11-03 14:00:00+00:00,Tottenham Hotspur FC,Aston Villa FC,1525.8082634955158,1587.7065338638906
497504,2024-11-03 16:30:00+00:00,Manchester United FC,Chelsea FC,1512.9533665020072,1609.2417528633669
497501,2024-11-04 20:00:00+00:00,Fulham FC,Brentford FC,1492.375964974679,1461.3902897492223
497519,2024-11-09 15:00:00+00:00,Wolverhampton Wanderers FC,Southampton FC,1396.3266686121178,1425.255550474724
497518,2024-11-09 15:00:00+00:00,West Ham United FC,Everton FC,1473.4203746342596,1458.7876398281626
497513,2024-11-09 15:00:00+00:00,Crystal Palace FC,Fulham FC,1467.574561733214,1506.041741337121
497510,2024-11-09 15:00:00+00:00,Brentford FC,AFC Bournemouth,1447.7245133867802,1521.4332556392487
497511,2024-11-09 17:30:00+00:00,Brighton & Hove Albion FC,Manchester City FC,1508.8316402759017,1720.1868123361653
497514,2024-11-09 20:00:00+00:00,Liverpool FC,Aston Villa FC,1682.4023274145168,1570.0620900038189
497515,2024-11-10 14:00:00+00:00,Manchester United FC,Leicester City FC,1517.0072104051499,1476.7771223608097
497516,2024-11-10 14:00:00+00:00,Nottingham Forest FC,Newcastle United FC,1503.4693830755218,1543.8766112303688
497517,2024-11-10 14:00:00+00:00,Tottenham Hotspur FC,Ipswich Town FC,1543.4527073555876,1442.1354573121569
497512,2024-11-10 16:30:00+00:00,Chelsea FC,Arsenal FC,1605.1879089602241,1672.698212576181
497526,2024-11-23 12:30:00+00:00,Leicester City FC,Chelsea FC,1463.5062738137021,1608.0664263593014
497524,2024-11-23 15:00:00+00:00,Fulham FC,Wolverhampton Wanderers FC,1519.3877326504296,1412.5727505175262
497522,2024-11-23 15:00:00+00:00,Aston Villa FC,Crystal Palace FC,1559.7499637406925,1454.2285704199055
497523,2024-11-23 15:00:00+00:00,Everton FC,Brentford FC,1459.4190125090001,1465.8598773478182
497520,2024-11-23 15:00:00+00:00,AFC Bournemouth,Brighton & Hove Albion FC,1503.2978916782108,1531.9758877263282
497521,2024-11-23 15:00:00+00:00,Arsenal FC,Nottingham Forest FC,1669.8196951771038,1490.2060802086596
497527,2024-11-23 17:30:00+00:00,Manchester City FC,Tottenham Hotspur FC,1697.0425648857388,1524.1984057267746
497529,2024-11-24 14:00:00+00:00,Southampton FC,Liverpool FC,1409.0094685693157,1692.7144536776432
497525,2024-11-24 16:30:00+00:00,Ipswich Town FC,Manchester United FC,1461.3897589409698,1530.2780589522574
497528,2024-11-25 20:00:00+00:00,Newcastle United FC,West Ham United FC,1557.139914097231,1472.789001953422
497531,2024-11-29 20:00:00+00:00,Brighton & Hove Albion FC,Southampton FC,1545.7405633269552,1404.1074369800074
497539,2024-11-30 15:00:00+00:00,Wolverhampton Wanderers FC,AFC Bournemouth,1432.044322076403,1489.5332160775838
497530,2024-11-30 15:00:00+00:00,Brentford FC,Leicester City FC,1465.5818347105185,1454.4105866523387
497533,2024-11-30 15:00:00+00:00,Crystal Palace FC,Newcastle United FC,1458.6492000319647,1538.5680959427627
497536,2024-11-30 15:00:00+00:00,Nottingham Forest FC,Ipswich Town FC,1482.3364458828753,1464.3255344580728
497538,2024-11-30 17:30:00+00:00,West Ham United FC,Arsenal FC,1491.3608201078903,1677.689329502888
497532,2024-12-01 13:30:00+00:00,Chelsea FC,Aston Villa FC,1617.162113520665,1555.3293341286333
497535,2024-12-01 13:30:00+00:00,Manchester United FC,Everton FC,1527.3422834351545,1459.6970551462998
497537,2024-12-01 13:30:00+00:00,Tottenham Hotspur FC,Fulham FC,1546.1004655656493,1499.9161610915528
497534,2024-12-01 16:00:00+00:00,Liverpool FC,Manchester City FC,1697.6164852669515,1675.140505046864
497545,2024-12-03 19:30:00+00:00,Ipswich Town FC,Crystal Palace FC,1450.1024322059498,1462.039982194389
497546,2024-12-03 20:15:00+00:00,Leicester City FC,West Ham United FC,1439.892722061356,1483.7135123904052
497543,2024-12-04 19:30:00+00:00,Everton FC,Wolverhampton Wanderers FC,1447.5811827754853,1419.5039108941003
497547,2024-12-04 19:30:00+00:00,Manchester City FC,Nottingham Forest FC,1661.1095197382924,1496.5595481349983
497548,2024-12-04 19:30:00+00:00,Newcastle United FC,Liverpool FC,1535.1773137803384,1711.6474705755231
497549,2024-12-04 19:30:00+00:00,Southampton FC,Chelsea FC,1409.9046065920675,1629.5204093454397
497541,2024-12-04 20:15:00+00:00,Arsenal FC,Manchester United FC,1685.3366372203732,1539.458155805969
497542,2024-12-04 20:15:00+00:00,Aston Villa FC,Brentford FC,1542.9710383038584,1480.0996993015012
497544,2024-12-05 19:30:00+00:00,Fulham FC,Brighton & Hove Albion FC,1501.8984358321516,1539.9433937148951
497540,2024-12-05 20:15:00+00:00,AFC Bournemouth,Tottenham Hotspur FC,1502.0736272598865,1544.1181908250505
497550,2024-12-07 15:00:00+00:00,Aston Villa FC,Southampton FC,1555.285909598255,1403.2971070729889
497551,2024-12-07 15:00:00+00:00,Brentford FC,Newcastle United FC,1467.7848280071046,1542.2021812102366
497552,2024-12-07 15:00:00+00:00,Crystal Palace FC,Manchester City FC,1476.5247994480378,1669.4928122069466
497557,2024-12-07 17:30:00+00:00,Manchester United FC,Nottingham Forest FC,1530.4104949708176,1488.176255666344
497554,2024-12-08 14:00:00+00:00,Fulham FC,Arsenal FC,1518.5344349786133,1694.3842980555246
497555,2024-12-08 14:00:00+00:00,Ipswich Town FC,AFC Bournemouth,1435.617614952301,1518.8800277074306
497556,2024-12-08 14:00:00+00:00,Leicester City FC,Brighton & Hove Albion FC,1456.7746490816269,1523.3073945684334
497558,2024-12-08 16:30:00+00:00,Tottenham Hotspur FC,Chelsea FC,1527.3117903775064,1636.1279088645183
497559,2024-12-09 20:00:00+00:00,West Ham United FC,Wolverhampton Wanderers FC,1466.8315853701342,1405.7134722058865
497569,2024-12-14 15:00:00+00:00,Wolverhampton Wanderers FC,Ipswich Town FC,1393.3252679543964,1424.1450705171758
497566,2024-12-14 15:00:00+00:00,Newcastle United FC,Leicester City FC,1524.0375732145503,1459.6124942785023
497561,2024-12-14 15:00:00+00:00,Arsenal FC,Everton FC,1687.3803546806441,1461.371621463699
497564,2024-12-14 15:00:00+00:00,Liverpool FC,Fulham FC,1704.622603145625,1525.5383783534937
497567,2024-12-14 17:30:00+00:00,Nottingham Forest FC,Aston Villa FC,1504.9907257813616,1564.1128703601696
497562,2024-12-15 14:00:00+00:00,Brighton & Hove Albion FC,Crystal Palace FC,1520.469549371558,1484.0932198818473
497565,2024-12-15 16:30:00+00:00,Manchester City FC,Manchester United FC,1661.9243917731371,1513.5960248558001
497563,2024-12-15 19:00:00+00:00,Chelsea FC,Brentford FC,1646.5777548060482,1485.949436002791
497568,2024-12-15 19:00:00+00:00,Southampton FC,Tottenham Hotspur FC,1394.4701463110744,1516.8619444359765
497560,2024-12-16 20:00:00+00:00,AFC Bournemouth,West Ham United FC,1530.3525721425558,1479.2197896216244
497570,2024-12-21 12:30:00+00:00,Aston Villa FC,Manchester City FC,1546.5847176881728,1640.8831880953476
497575,2024-12-21 15:00:00+00:00,Ipswich Town FC,Newcastle United FC,1437.8179518206132,1536.2875660608422
497579,2024-12-21 15:00:00+00:00,West Ham United FC,Brighton & Hove Albion FC,1481.4115677623818,1503.9047705030425
497571,2024-12-21 15:00:00+00:00,Brentford FC,Nottingham Forest FC,1477.4291004944628,1522.5188784533584
497572,2024-12-21 17:30:00+00:00,Crystal Palace FC,Arsenal FC,1500.6579987503628,1678.8002029321415
497573,2024-12-22 14:00:00+00:00,Everton FC,Chelsea FC,1469.9517732122017,1655.0980903143763
497574,2024-12-22 14:00:00+00:00,Fulham FC,Southampton FC,1532.6510401743687,1384.5459790778343
497576,2024-12-22 14:00:00+00:00,Leicester City FC,Wolverhampton Wanderers FC,1447.3625014322104,1379.652386650959
497577,2024-12-22 14:00:00+00:00,Manchester United FC,AFC Bournemouth,1534.6372285335897,1528.1607940017984
497578,2024-12-22 16:30:00+00:00,Tottenham Hotspur FC,Liverpool FC,1526.7861116692166,1697.50994132475
497585,2024-12-26 12:30:00+00:00,Manchester City FC,Everton FC,1621.9091035072017,1477.2656250444725
497588,2024-12-26 15:00:00+00:00,Southampton FC,West Ham United FC,1390.579103578971,1482.38132290435
497586,2024-12-26 15:00:00+00:00,Newcastle United FC,Aston Villa FC,1547.1465780980682,1565.5588022763186
497587,2024-12-26 15:00:00+00:00,Nottingham Forest FC,Tottenham Hotspur FC,1535.5830521491112,1518.6158090708898
497580,2024-12-26 15:00:00+00:00,AFC Bournemouth,Crystal Palace FC,1543.4403717756302,1492.7390942491556
497583,2024-12-26 15:00:00+00:00,Chelsea FC,Fulham FC,1647.7842384821056,1526.6179156732321
497589,2024-12-26 17:30:00+00:00,Wolverhampton Wanderers FC,Manchester United FC,1397.5392119921896,1519.357650759758
497584,2024-12-26 20:00:00+00:00,Liverpool FC,Leicester City FC,1705.6802439230767,1429.4756760909797
497582,2024-12-27 19:30:00+00:00,Brighton & Hove Albion FC,Brentford FC,1502.9350153610742,1464.36492679871
497581,2024-12-27 20:15:00+00:00,Arsenal FC,Ipswich Town FC,1686.7191074333487,1426.9589397833872
497596,2024-12-29 14:30:00+00:00,Leicester City FC,Manchester City FC,1424.3939958416556,1616.0017508689828
497598,2024-12-29 15:00:00+00:00,Tottenham Hotspur FC,Wolverhampton Wanderers FC,1504.34776204848,1417.5931131149875
497592,2024-12-29 15:00:00+00:00,Crystal Palace FC,Southampton FC,1494.912637274914,1379.452791755392
497593,2024-12-29 15:00:00+00:00,Everton FC,Nottingham Forest FC,1483.1729776826915,1549.851099171521
497594,2024-12-29 15:00:00+00:00,Fulham FC,AFC Bournemouth,1546.646842967043,1541.2668287498718
497599,2024-12-29 17:15:00+00:00,West Ham United FC,Liverpool FC,1493.5076347279291,1710.7619241724008
497590,2024-12-30 19:45:00+00:00,Aston Villa FC,Brighton & Hove Albion FC,1549.7646259832454,1501.2766179020418
497595,2024-12-30 19:45:00+00:00,Ipswich Town FC,Chelsea FC,1421.465111785954,1627.7553111882946
497597,2024-12-30 20:00:00+00:00,Manchester United FC,Newcastle United FC,1499.30374963696,1562.9407543911414
497591,2025-01-01 17:30:00+00:00,Brentford FC,Arsenal FC,1466.0233242577424,1692.212935430782
497607,2025-01-04 12:30:00+00:00,Tottenham Hotspur FC,Newcastle United FC,1500.6782131706962,1575.2236411704105
497601,2025-01-04 15:00:00+00:00,Southampton FC,Brentford FC,1369.2618516161722,1459.6087284582513
497602,2025-01-04 15:00:00+00:00,Crystal Palace FC,Chelsea FC,1505.1035774141337,1604.766491983558
497603,2025-01-04 15:00:00+00:00,AFC Bournemouth,Everton FC,1541.4990840716089,1471.0168741376792
497605,2025-01-04 15:00:00+00:00,Aston Villa FC,Leicester City FC,1547.6847163014525,1416.9185536641426
497609,2025-01-04 15:00:00+00:00,Manchester City FC,West Ham United FC,1623.4771930464958,1486.8298301387126
497600,2025-01-04 17:30:00+00:00,Brighton & Hove Albion FC,Arsenal FC,1503.3565275838348,1698.627531230273
497604,2025-01-05 14:00:00+00:00,Fulham FC,Ipswich Town FC,1546.414587645306,1444.4539309906907
497606,2025-01-05 16:30:00+00:00,Liverpool FC,Manchester United FC,1717.4397287616173,1487.0208628576909
497608,2025-01-06 20:00:00+00:00,Wolverhampton Wanderers FC,Nottingham Forest FC,1421.2626619927714,1562.0072027165331
497617,2025-01-14 19:30:00+00:00,Chelsea FC,AFC Bournemouth,1600.5779567525763,1553.4971897533667
497613,2025-01-14 19:30:00+00:00,West Ham United FC,Fulham FC,1477.4428898684002,1542.1347558387465
497615,2025-01-14 19:30:00+00:00,Brentford FC,Manchester City FC,1470.7937452908702,1632.8641333168082
497614,2025-01-14 20:00:00+00:00,Nottingham Forest FC,Liverpool FC,1571.242698499496,1708.7324047519612
497610,2025-01-15 19:30:00+00:00,Everton FC,Aston Villa FC,1459.0187684559214,1557.2913843150766
497612,2025-01-15 19:30:00+00:00,Leicester City FC,Crystal Palace FC,1407.3118856505184,1509.2921126451154
497619,2025-01-15 19:30:00+00:00,Newcastle United FC,Wolverhampton Wanderers FC,1587.0537502672992,1412.0271662098085
497616,2025-01-15 20:00:00+00:00,Arsenal FC,Tottenham Hotspur FC,1690.9852434425607,1488.8481040738075
497611,2025-01-16 19:30:00+00:00,Ipswich Town FC,Brighton & Hove Albion FC,1448.7337627972502,1510.9988153715472
497618,2025-01-16 20:00:00+00:00,Manchester United FC,Southampton FC,1495.728186867347,1358.0768347835533
497620,2025-01-18 12:30:00+00:00,Newcastle United FC,AFC Bournemouth,1595.0776320632356,1555.5174789273633
497625,2025-01-18 15:00:00+00:00,Brentford FC,Liverpool FC,1477.3239601446992,1703.0880989505138
497623,2025-01-18 15:00:00+00:00,West Ham United FC,Crystal Palace FC,1495.2040264364066,1520.0115047153427
497624,2025-01-18 15:00:00+00:00,Leicester City FC,Fulham FC,1396.5924935802911,1524.3736192707402
497621,2025-01-18 17:30:00+00:00,Arsenal FC,Aston Villa FC,1698.1256839967575,1568.1582544912535
497622,2025-01-19 14:00:00+00:00,Manchester United FC,Brighton & Hove Albion FC,1505.0778914469088,1523.3390312772171
497627,2025-01-19 14:00:00+00:00,Nottingham Forest FC,Southampton FC,1576.8870043009435,1348.7271302039915
497628,2025-01-19 14:00:00+00:00,Everton FC,Tottenham Hotspur FC,1448.1518982797445,1481.7076635196106
497626,2025-01-19 16:30:00+00:00,Ipswich Town FC,Manchester City FC,1436.3935468915802,1626.3339184629792
497629,2025-01-20 20:00:00+00:00,Chelsea FC,Wolverhampton Wanderers FC,1598.5576675785796,1404.003284413872
497634,2025-01-25 15:00:00+00:00,Southampton FC,Newcastle United FC,1342.3695454839021,1578.3770259795124
497635,2025-01-25 15:00:00+00:00,AFC Bournemouth,Nottingham Forest FC,1572.2180850110865,1583.2445890210329
497633,2025-01-25 15:00:00+00:00,Brighton & Hove Albion FC,Everton FC,1537.5513596844362,1464.5961293438256
497632,2025-01-25 15:00:00+00:00,Wolverhampton Wanderers FC,Arsenal FC,1396.6226401573583,1692.7624027719635
497631,2025-01-25 15:00:00+00:00,Liverpool FC,Ipswich Town FC,1709.5150548707993,1428.8641031253737
497638,2025-01-25 17:30:00+00:00,Manchester City FC,Chelsea FC,1633.8633622291857,1605.9383118350934
497637,2025-01-26 14:00:00+00:00,Crystal Palace FC,Brentford FC,1533.9422961786224,1470.8970042244136
497639,2025-01-26 14:00:00+00:00,Tottenham Hotspur FC,Leicester City FC,1465.2634324555295,1386.8732671200248
497636,2025-01-26 16:30:00+00:00,Aston Villa FC,West Ham United FC,1573.5215357160475,1481.2732349731268
497630,2025-01-26 19:00:00+00:00,Fulham FC,Manchester United FC,1534.0928457310065,1490.8655630396897
497641,2025-02-01 12:30:00+00:00,Nottingham Forest FC,Brighton & Hove Albion FC,1567.7686963420006,1519.4471201602532
497644,2025-02-01 15:00:00+00:00,Everton FC,Leicester City FC,1482.7003688680086,1405.2013593314164
497645,2025-02-01 15:00:00+00:00,AFC Bournemouth,Liverpool FC,1587.6939776901188,1714.4896117104706
497643,2025-02-01 15:00:00+00:00,Newcastle United FC,Fulham FC,1584.511218832469,1517.2361445417225
497647,2025-02-01 15:00:00+00:00,Ipswich Town FC,Southampton FC,1423.8895462857024,1336.2353526309455
497640,2025-02-01 17:30:00+00:00,Wolverhampton Wanderers FC,Aston Villa FC,1392.0071360957818,1569.6298790172618
497642,2025-02-02 14:00:00+00:00,Manchester United FC,Crystal Palace FC,1507.7222642289737,1516.2498986283365
497648,2025-02-02 14:00:00+00:00,Brentford FC,Tottenham Hotspur FC,1488.5894017746996,1446.935340244138
497646,2025-02-02 16:30:00+00:00,Arsenal FC,Manchester City FC,1697.37790683354,1647.6603303442785
497649,2025-02-03 20:00:00+00:00,Chelsea FC,West Ham United FC,1592.1413437200006,1485.1648916719125
497553,2025-02-12 19:30:00+00:00,Everton FC,Liverpool FC,1494.4088776995497,1724.2461491242627
497653,2025-02-14 20:00:00+00:00,Brighton & Hove Albion FC,Chelsea FC,1506.5199820846422,1602.6634213321313
497651,2025-02-15 12:30:00+00:00,Leicester City FC,Arsenal FC,1393.4928504998752,1710.2459588179781
497657,2025-02-15 15:00:00+00:00,Manchester City FC,Newcastle United FC,1634.7922783598403,1566.642484376154
497655,2025-02-15 15:00:00+00:00,Aston Villa FC,Ipswich Town FC,1547.5662248502283,1405.1835083821647
497658,2025-02-15 15:00:00+00:00,Fulham FC,Nottingham Forest FC,1535.1048789980375,1580.6958344176116
497650,2025-02-15 15:00:00+00:00,Southampton FC,AFC Bournemouth,1354.9413905344832,1577.9374402763267
497652,2025-02-15 15:00:00+00:00,West Ham United FC,Brentford FC,1474.6428140597818,1471.799618393507
497654,2025-02-15 17:30:00+00:00,Crystal Palace FC,Everton FC,1530.8818049704673,1503.099537126853
497659,2025-02-16 14:00:00+00:00,Liverpool FC,Wolverhampton Wanderers FC,1715.5554896969595,1414.0707902628153
497656,2025-02-16 16:30:00+00:00,Tottenham Hotspur FC,Manchester United FC,1463.7251236253305,1493.0903578868429
497692,2025-02-19 19:30:00+00:00,Aston Villa FC,Liverpool FC,1541.7415496268868,1720.0521079853875
497660,2025-02-21 20:00:00+00:00,Leicester City FC,Brentford FC,1389.3219775760845,1486.92236627768
497665,2025-02-22 12:30:00+00:00,Everton FC,Manchester United FC,1519.2964440438827,1476.8255691020584
497669,2025-02-22 15:00:00+00:00,AFC Bournemouth,Wolverhampton Wanderers FC,1584.4452328556822,1409.5741719743874
497666,2025-02-22 15:00:00+00:00,Ipswich Town FC,Tottenham Hotspur FC,1411.0081836055062,1479.989912410115
497667,2025-02-22 15:00:00+00:00,Fulham FC,Crystal Palace FC,1552.061978519168,1514.6848980534376
497668,2025-02-22 15:00:00+00:00,Arsenal FC,West Ham United FC,1714.4168317417689,1459.5200661756087
497661,2025-02-22 15:00:00+00:00,Southampton FC,Brighton & Hove Albion FC,1348.4335979551277,1525.5680245291685
497662,2025-02-22 17:30:00+00:00,Aston Villa FC,Chelsea FC,1548.828292475527,1583.615378887605
497663,2025-02-23 14:00:00+00:00,Newcastle United FC,Nottingham Forest FC,1554.5475846430663,1563.7387348964812
497664,2025-02-23 16:30:00+00:00,Manchester City FC,Liverpool FC,1646.887178092928,1712.9653651367473
497670,2025-02-25 19:30:00+00:00,Brighton & Hove Albion FC,AFC Bournemouth,1533.5207883897772,1562.4743779192881
497672,2025-02-25 19:30:00+00:00,Crystal Palace FC,Aston Villa FC,1531.2923996768204,1565.32517295252
497674,2025-02-25 19:30:00+00:00,Wolverhampton Wanderers FC,Fulham FC,1431.5450269107814,1535.454476895785
497678,2025-02-25 20:15:00+00:00,Chelsea FC,Southampton FC,1567.118498410612,1340.480834094519
497671,2025-02-26 19:30:00+00:00,Nottingham Forest FC,Arsenal FC,1548.342013583418,1690.037415125128
497673,2025-02-26 19:30:00+00:00,Brentford FC,Everton FC,1497.8160696278298,1517.4719078687579
497675,2025-02-26 19:30:00+00:00,Tottenham Hotspur FC,Manchester City FC,1492.0502579635263,1634.7060961778202
497677,2025-02-26 19:30:00+00:00,Manchester United FC,Ipswich Town FC,1478.6501052771832,1398.947838052095
497679,2025-02-26 20:15:00+00:00,Liverpool FC,Newcastle United FC,1725.1464470518551,1569.9443059561295
497676,2025-02-27 20:00:00+00:00,West Ham United FC,Leicester City FC,1483.8994827922495,1378.4282742259347
497687,2025-03-08 12:30:00+00:00,Nottingham Forest FC,Manchester City FC,1554.1414700845548,1643.871410408464
497684,2025-03-08 15:00:00+00:00,Brighton & Hove Albion FC,Fulham FC,1549.7679296432714,1546.097482634808
497685,2025-03-08 15:00:00+00:00,Crystal Palace FC,Ipswich Town FC,1547.7570312115959,1387.3297442669545
497688,2025-03-08 15:00:00+00:00,Liverpool FC,Southampton FC,1733.8586127735239,1334.0792356777608
497682,2025-03-08 17:30:00+00:00,Brentford FC,Aston Villa FC,1498.6637761766672,1548.8605414177446
497683,2025-03-08 20:00:00+00:00,Wolverhampton Wanderers FC,Everton FC,1420.9020211717584,1516.6242013199205
497680,2025-03-09 14:00:00+00:00,Tottenham Hotspur FC,AFC Bournemouth,1482.8849437328824,1546.227236665794
497689,2025-03-09 14:00:00+00:00,Chelsea FC,Leicester City FC,1573.52009682737,1367.846925284217
497681,2025-03-09 16:30:00+00:00,Manchester United FC,Arsenal FC,1490.2681990623237,1684.2379586239913
497686,2025-03-10 20:00:00+00:00,West Ham United FC,Newcastle United FC,1494.4808317339673,1561.2321402344608
497699,2025-03-15 15:00:00+00:00,Southampton FC,Wolverhampton Wanderers FC,1331.3488125351273,1424.9331954545573
497697,2025-03-15 15:00:00+00:00,Manchester City FC,Brighton & Hove Albion FC,1625.0813508609067,1564.6094696026637
497695,2025-03-15 15:00:00+00:00,Ipswich Town FC,Nottingham Forest FC,1378.802347338726,1572.9315296321122
497693,2025-03-15 15:00:00+00:00,Everton FC,West Ham United FC,1512.5930270371216,1482.3277742260764
497690,2025-03-15 17:30:00+00:00,AFC Bournemouth,Brentford FC,1543.5224315740672,1485.815990526969
497691,2025-03-16 13:30:00+00:00,Arsenal FC,Chelsea FC,1676.6373466202253,1580.550378686699
497694,2025-03-16 13:30:00+00:00,Fulham FC,Tottenham Hotspur FC,1531.2559426754158,1485.5897488246092
497696,2025-03-16 19:00:00+00:00,Leicester City FC,Manchester United FC,1360.8166434248878,1497.8688110660896
497701,2025-04-01 18:45:00+00:00,Arsenal FC,Fulham FC,1687.5915647744544,1544.2956502371583
497704,2025-04-01 18:45:00+00:00,Wolverhampton Wanderers FC,West Ham United FC,1435.9877920648546,1483.6311351612358
497703,2025-04-01 19:00:00+00:00,Nottingham Forest FC,Manchester United FC,1580.3258031694236,1507.240728323636
497708,2025-04-02 18:45:00+00:00,Southampton FC,Crystal Palace FC,1320.29421592483,1556.2844281398245
497707,2025-04-02 18:45:00+00:00,Newcastle United FC,Brentford FC,1573.3851977423517,1503.2847181363356
497702,2025-04-02 18:45:00+00:00,Brighton & Hove Albion FC,Aston Villa FC,1567.1942024089558,1561.7083270674427
497700,2025-04-02 18:45:00+00:00,AFC Bournemouth,Ipswich Town FC,1526.0537039647006,1371.4080738014145
497706,2025-04-02 18:45:00+00:00,Manchester City FC,Leicester City FC,1622.4966180546146,1351.4447261673415
497709,2025-04-02 19:00:00+00:00,Liverpool FC,Everton FC,1736.5890359161574,1511.2896661019622
497705,2025-04-03 19:00:00+00:00,Chelsea FC,Tottenham Hotspur FC,1569.59616053247,1472.5500412628667
497713,2025-04-05 11:30:00+00:00,Everton FC,Arsenal FC,1504.8491886937236,1696.733442712075
497712,2025-04-05 14:00:00+00:00,Crystal Palace FC,Brighton & Hove Albion FC,1547.4191060911905,1551.9573778125155
497715,2025-04-05 14:00:00+00:00,Ipswich Town FC,Wolverhampton Wanderers FC,1392.6760902048804,1453.0319237825286
497719,2025-04-05 14:00:00+00:00,West Ham United FC,AFC Bournemouth,1466.5870034435618,1504.7856875612347
497710,2025-04-05 16:30:00+00:00,Aston Villa FC,Nottingham Forest FC,1576.945151663883,1592.2161983094427
497718,2025-04-06 13:00:00+00:00,Tottenham Hotspur FC,Southampton FC,1461.6341918374949,1329.159537973464
497714,2025-04-06 13:00:00+00:00,Fulham FC,Liverpool FC,1535.1537722995376,1743.029513324396
497711,2025-04-06 13:00:00+00:00,Brentford FC,Chelsea FC,1491.2707884162066,1580.5120099578419
497717,2025-04-06 15:30:00+00:00,Manchester United FC,Manchester City FC,1495.3503331836168,1627.7047256586281
497716,2025-04-07 19:00:00+00:00,Leicester City FC,Newcastle United FC,1346.236618563328,1585.3991274624807
497725,2025-04-12 11:30:00+00:00,Manchester City FC,Crystal Palace FC,1622.251787324768,1562.6150278887812
497722,2025-04-12 14:00:00+00:00,Brighton & Hove Albion FC,Leicester City FC,1536.7614560149248,1340.1905782114416
497727,2025-04-12 14:00:00+00:00,Nottingham Forest FC,Everton FC,1576.5573184739653,1512.3826764393202
497728,2025-04-12 14:00:00+00:00,Southampton FC,Aston Villa FC,1319.6169816873876,1592.6040314993604
497721,2025-04-12 16:30:00+00:00,Arsenal FC,Brentford FC,1689.1999549664783,1495.0410883235925
497724,2025-04-13 13:00:00+00:00,Liverpool FC,West Ham United FC,1719.9917768010014,1468.2295602188544
497729,2025-04-13 13:00:00+00:00,Wolverhampton Wanderers FC,Tottenham Hotspur FC,1465.4520526714898,1471.1767481235713
497723,2025-04-13 13:00:00+00:00,Chelsea FC,Ipswich Town FC,1576.741710050456,1380.2559613159192
497726,2025-04-13 15:30:00+00:00,Newcastle United FC,Manchester United FC,1591.445167814367,1500.803271517477
497720,2025-04-14 19:00:00+00:00,AFC Bournemouth,Fulham FC,1503.143130785942,1558.1915088229323
497698,2025-04-16 18:30:00+00:00,Newcastle United FC,Crystal Palace FC,1602.6182741004725,1550.164761730165
497731,2025-04-19 14:00:00+00:00,Brentford FC,Brighton & Hove Albion FC,1502.6477668305536,1529.077694813274
497732,2025-04-19 14:00:00+00:00,Crystal Palace FC,AFC Bournemouth,1537.412311691676,1520.500070480673
497733,2025-04-19 14:00:00+00:00,Everton FC,Manchester City FC,1530.1222333966339,1634.7020534833841
497739,2025-04-19 14:00:00+00:00,West Ham United FC,Southampton FC,1462.5260950086856,1314.4566445847852
497730,2025-04-19 16:30:00+00:00,Aston Villa FC,Newcastle United FC,1597.7643686019628,1615.3707241389616
497735,2025-04-20 13:00:00+00:00,Ipswich Town FC,Arsenal FC,1387.9370112662957,1681.5932764595173
497734,2025-04-20 13:00:00+00:00,Fulham FC,Chelsea FC,1540.8345691282013,1569.0606601000795
497737,2025-04-20 13:00:00+00:00,Manchester United FC,Wolverhampton Wanderers FC,1489.6301652313716,1480.6991852772826
497736,2025-04-20 15:30:00+00:00,Leicester City FC,Liverpool FC,1347.8743394130922,1725.6952420111702
497738,2025-04-21 19:00:00+00:00,Tottenham Hotspur FC,Nottingham Forest FC,1455.9296155177785,1558.8177615166517
497745,2025-04-22 19:00:00+00:00,Manchester City FC,Aston Villa FC,1645.3185737681126,1613.5238460787962
497741,2025-04-23 19:00:00+00:00,Arsenal FC,Crystal Palace FC,1686.2648895684467,1536.6827276995657
497743,2025-04-26 11:30:00+00:00,Chelsea FC,Everton FC,1582.8447157506578,1519.5057131119054
497742,2025-04-26 14:00:00+00:00,Brighton & Hove Albion FC,West Ham United FC,1512.9388190903894,1456.494259283592
497746,2025-04-26 14:00:00+00:00,Newcastle United FC,Ipswich Town FC,1599.6112466621282,1383.2653981573662
497748,2025-04-26 14:00:00+00:00,Southampton FC,Fulham FC,1320.4884803098787,1527.050513477623
497749,2025-04-26 14:00:00+00:00,Wolverhampton Wanderers FC,Leicester City FC,1496.0846817725105,1344.8135553273585
497740,2025-04-27 13:00:00+00:00,AFC Bournemouth,Manchester United FC,1521.2296544727833,1474.2446687361437
497744,2025-04-27 15:30:00+00:00,Liverpool FC,Tottenham Hotspur FC,1728.756026096904,1445.2462023317864
497747,2025-05-01 18:30:00+00:00,Nottingham Forest FC,Brentford FC,1569.5011747026438,1518.7866425534382
497758,2025-05-02 19:00:00+00:00,Manchester City FC,Wolverhampton Wanderers FC,1658.9497041223517,1504.937401358815
497751,2025-05-03 11:30:00+00:00,Aston Villa FC,Fulham FC,1599.892715724557,1534.0532906867766
497756,2025-05-03 14:00:00+00:00,Everton FC,Ipswich Town FC,1507.2103807689068,1376.560406413257
497757,2025-05-03 14:00:00+00:00,Leicester City FC,Southampton FC,1335.960835741054,1313.4857031007252
497750,2025-05-03 16:30:00+00:00,Arsenal FC,AFC Bournemouth,1680.178401495023,1519.2134256450026
497752,2025-05-04 13:00:00+00:00,Brentford FC,Manchester United FC,1535.960745808761,1476.2608975639243
497753,2025-05-04 13:00:00+00:00,Brighton & Hove Albion FC,Newcastle United FC,1525.523127038726,1606.3162384062375
497759,2025-05-04 13:00:00+00:00,West Ham United FC,Tottenham Hotspur FC,1443.9099513352555,1440.33956173802
497754,2025-05-04 15:30:00+00:00,Chelsea FC,Liverpool FC,1595.1400480936563,1733.6626666906704
497755,2025-05-05 19:00:00+00:00,Crystal Palace FC,Nottingham Forest FC,1542.7692157729894,1552.327071447321
497769,2025-05-10 14:00:00+00:00,Wolverhampton Wanderers FC,Brighton & Hove Albion FC,1496.1828320874436,1528.9497030348116
497767,2025-05-10 14:00:00+00:00,Southampton FC,Manchester City FC,1299.4546813519012,1667.704273393723
497761,2025-05-10 14:00:00+00:00,Fulham FC,Everton FC,1521.8622633573634,1501.821417057324
497762,2025-05-10 14:00:00+00:00,Ipswich Town FC,Brentford FC,1381.9493701248398,1548.4083669865336
497760,2025-05-10 16:30:00+00:00,AFC Bournemouth,Aston Villa FC,1540.7049076053218,1612.0837430539702
497765,2025-05-11 11:00:00+00:00,Newcastle United FC,Chelsea FC,1602.889662410152,1615.822591208102
497764,2025-05-11 13:15:00+00:00,Manchester United FC,West Ham United FC,1463.8132763861518,1443.755810651276
497766,2025-05-11 13:15:00+00:00,Nottingham Forest FC,Leicester City FC,1551.9145297105567,1349.9918574898782
497768,2025-05-11 13:15:00+00:00,Tottenham Hotspur FC,Crystal Palace FC,1440.4937024219994,1543.1817575097537
497763,2025-05-11 15:30:00+00:00,Liverpool FC,Arsenal FC,1712.9801235762247,1658.686919534704
497771,2025-05-16 18:30:00+00:00,Aston Villa FC,Tottenham Hotspur FC,1624.0447079383898,1429.8023646943316
497774,2025-05-16 19:15:00+00:00,Chelsea FC,Manchester United FC,1600.2644895373312,1447.948286700827
497776,2025-05-18 11:00:00+00:00,Everton FC,Southampton FC,1517.6856916080087,1311.2391083093476
497779,2025-05-18 13:15:00+00:00,West Ham United FC,Nottingham Forest FC,1459.6208003366007,1544.061689634184
497772,2025-05-18 14:00:00+00:00,Brentford FC,Fulham FC,1556.7254386322581,1505.9979888066787
497777,2025-05-18 14:00:00+00:00,Leicester City FC,Ipswich Town FC,1357.844697566251,1373.6322984791152
497770,2025-05-18 15:30:00+00:00,Arsenal FC,Newcastle United FC,1661.012049901069,1618.4477640809228
497773,2025-05-19 19:00:00+00:00,Brighton & Hove Albion FC,Liverpool FC,1542.539222857976,1710.6549932098596
497775,2025-05-20 19:00:00+00:00,Crystal Palace FC,Wolverhampton Wanderers FC,1553.8730952374215,1482.5933122642791
497778,2025-05-20 19:00:00+00:00,Manchester City FC,AFC Bournemouth,1655.9198464362767,1528.7439427209022
497786,2025-05-25 15:00:00+00:00,Nottingham Forest FC,Chelsea FC,1555.4862073447016,1609.079713777389
497785,2025-05-25 15:00:00+00:00,Newcastle United FC,Everton FC,1605.276273330456,1524.6920370281016
497787,2025-05-25 15:00:00+00:00,Southampton FC,Arsenal FC,1304.2327628892547,1674.1835406515358
497784,2025-05-25 15:00:00+00:00,Manchester United FC,Aston Villa FC,1439.1330624607692,1631.435352590091
497788,2025-05-25 15:00:00+00:00,Tottenham Hotspur FC,Brighton & Hove Albion FC,1422.4117200426303,1564.2793597669422
497782,2025-05-25 15:00:00+00:00,Ipswich Town FC,West Ham United FC,1357.951161702299,1448.196282626083
497781,2025-05-25 15:00:00+00:00,Fulham FC,Manchester City FC,1523.1726380439836,1665.6619779509133
497780,2025-05-25 15:00:00+00:00,AFC Bournemouth,Leicester City FC,1519.0018112062655,1373.5258343430671
497783,2025-05-25 15:00:00+00:00,Liverpool FC,Crystal Palace FC,1688.9148563008935,1565.8381612597175
497789,2025-05-25 15:00:00+00:00,Wolverhampton Wanderers FC,Brentford FC,1470.628246241983,1539.5507893949532
