id,utcDate,homeTeam.name,awayTeam.name,home_elo,away_elo,elo_diff,home_matches,home_wins,home_draws,home_losses,home_gf,home_ga,away_matches,away_wins,away_draws,away_losses,away_gf,away_ga,score.fullTime.home,score.fullTime.away
435943,2023-08-11 19:00:00+00:00,Burnley FC,Manchester City FC,1500.0,1500.0,0.0,0.0,0.0,0.0,0.0,0.0,0.0,0.0,0.0,0.0,0.0,0.0,0.0,0,3
435944,2023-08-12 12:00:00+00:00,Arsenal FC,Nottingham Forest FC,1500.0,1500.0,0.0,0.0,0.0,0.0,0.0,0.0,0.0,0.0,0.0,0.0,0.0,0.0,0.0,2,1
435945,2023-08-12 14:00:00+00:00,AFC Bournemouth,West Ham United FC,1500.0,1500.0,0.0,0.0,0.0,0.0,0.0,0.0,0.0,0.0,0.0,0.0,0.0,0.0,0.0,1,1
435946,2023-08-12 14:00:00+00:00,Brighton & Hove Albion FC,Luton Town FC,1500.0,1500.0,0.0,0.0,0.0,0.0,0.0,0.0,0.0,0.0,0.0,0.0,0.0,0.0,0.0,4,1
435947,2023-08-12 14:00:00+00:00,Everton FC,Fulham FC,1500.0,1500.0,0.0,0.0,0.0,0.0,0.0,0.0,0.0,0.0,0.0,0.0,0.0,0.0,0.0,0,1
435948,2023-08-12 14:00:00+00:00,Sheffield United FC,Crystal Palace FC,1500.0,1500.0,0.0,0.0,0.0,0.0,0.0,0.0,0.0,0.0,0.0,0.0,0.0,0.0,0.0,0,1
435949,2023-08-12 16:30:00+00:00,Newcastle United FC,Aston Villa FC,1500.0,1500.0,0.0,0.0,0.0,0.0,0.0,0.0,0.0,0.0,0.0,0.0,0.0,0.0,0.0,5,1
435950,2023-08-13 13:00:00+00:00,Brentford FC,Tottenham Hotspur FC,1500.0,1500.0,0.0,0.0,0.0,0.0,0.0,0.0,0.0,0.0,0.0,0.0,0.0,0.0,0.0,2,2
435951,2023-08-13 15:30:00+00:00,Chelsea FC,Liverpool FC,1500.0,1500.0,0.0,0.0,0.0,0.0,0.0,0.0,0.0,0.0,0.0,0.0,0.0,0.0,0.0,1,1
435952,2023-08-14 19:00:00+00:00,Manchester United FC,Wolverhampton Wanderers FC,1500.0,1500.0,0.0,0.0,0.0,0.0,0.0,0.0,0.0,0.0,0.0,0.0,0.0,0.0,0.0,1,0
435959,2023-08-18 18:45:00+00:00,Nottingham Forest FC,Sheffield United FC,1500.0,1500.0,0.0,1.0,0.0,0.0,1.0,1.0,2.0,1.0,0.0,0.0,1.0,0.0,1.0,2,1
435955,2023-08-19 14:00:00+00:00,Fulham FC,Brentford FC,1500.0,1500.0,0.0,1.0,1.0,0.0,0.0,1.0,0.0,1.0,0.0,1.0,0.0,2.0,2.0,0,3
435956,2023-08-19 14:00:00+00:00,Liverpool FC,AFC Bournemouth,1500.0,1500.0,0.0,1.0,0.0,1.0,0.0,1.0,1.0,1.0,0.0,1.0,0.0,1.0,1.0,3,1
435962,2023-08-19 14:00:00+00:00,Wolverhampton Wanderers FC,Brighton & Hove Albion FC,1500.0,1500.0,0.0,1.0,0.0,0.0,1.0,0.0,1.0,1.0,1.0,0.0,0.0,4.0,1.0,1,4
435960,2023-08-19 16:30:00+00:00,Tottenham Hotspur FC,Manchester United FC,1500.0,1500.0,0.0,1.0,0.0,1.0,0.0,2.0,2.0,1.0,1.0,0.0,0.0,1.0,0.0,2,0
435958,2023-08-19 19:00:00+00:00,Manchester City FC,Newcastle United FC,1500.0,1500.0,0.0,1.0,1.0,0.0,0.0,3.0,0.0,1.0,1.0,0.0,0.0,5.0,1.0,1,0
435953,2023-08-20 13:00:00+00:00,Aston Villa FC,Everton FC,1500.0,1500.0,0.0,1.0,0.0,0.0,1.0,1.0,5.0,1.0,0.0,0.0,1.0,0.0,1.0,4,0
435961,2023-08-20 15:30:00+00:00,West Ham United FC,Chelsea FC,1500.0,1500.0,0.0,1.0,0.0,1.0,0.0,1.0,1.0,1.0,0.0,1.0,0.0,1.0,1.0,3,1
435954,2023-08-21 19:00:00+00:00,Crystal Palace FC,Arsenal FC,1500.0,1500.0,0.0,1.0,1.0,0.0,0.0,1.0,0.0,1.0,1.0,0.0,0.0,2.0,1.0,0,1
435968,2023-08-25 19:00:00+00:00,Chelsea FC,Luton Town FC,1500.0,1500.0,0.0,2.0,0.0,1.0,1.0,2.0,4.0,1.0,0.0,0.0,1.0,1.0,4.0,3,0
435963,2023-08-26 11:30:00+00:00,AFC Bournemouth,Tottenham Hotspur FC,1500.0,1500.0,0.0,2.0,0.0,1.0,1.0,2.0,4.0,2.0,1.0,1.0,0.0,4.0,2.0,0,2
435965,2023-08-26 14:00:00+00:00,Brentford FC,Crystal Palace FC,1500.0,1515.0,-15.0,2.0,1.0,1.0,0.0,5.0,2.0,2.0,1.0,0.0,1.0,1.0,1.0,1,1
435964,2023-08-26 14:00:00+00:00,Arsenal FC,Fulham FC,1515.0,1515.0,0.0,2.0,2.0,0.0,0.0,3.0,1.0,2.0,1.0,0.0,1.0,1.0,3.0,2,2
435969,2023-08-26 14:00:00+00:00,Everton FC,Wolverhampton Wanderers FC,1485.0,1485.0,0.0,2.0,0.0,0.0,2.0,0.0,5.0,2.0,0.0,0.0,2.0,1.0,5.0,0,1
435970,2023-08-26 14:00:00+00:00,Manchester United FC,Nottingham Forest FC,1515.0,1485.0,30.0,2.0,1.0,0.0,1.0,1.0,2.0,2.0,1.0,0.0,1.0,3.0,3.0,3,2
435966,2023-08-26 16:30:00+00:00,Brighton & Hove Albion FC,West Ham United FC,1515.0,1500.0,15.0,2.0,2.0,0.0,0.0,8.0,2.0,2.0,1.0,1.0,0.0,4.0,2.0,1,3
435972,2023-08-27 13:00:00+00:00,Sheffield United FC,Manchester City FC,1485.0,1515.0,-30.0,2.0,0.0,0.0,2.0,1.0,3.0,2.0,2.0,0.0,0.0,4.0,0.0,1,2
435967,2023-08-27 13:00:00+00:00,Burnley FC,Aston Villa FC,1500.0,1485.0,15.0,1.0,0.0,0.0,1.0,0.0,3.0,2.0,1.0,0.0,1.0,5.0,5.0,1,3
435971,2023-08-27 15:30:00+00:00,Newcastle United FC,Liverpool FC,1515.0,1500.0,15.0,2.0,1.0,0.0,1.0,5.0,2.0,2.0,1.0,1.0,0.0,4.0,2.0,1,2
435980,2023-09-01 19:00:00+00:00,Luton Town FC,West Ham United FC,1485.0,1515.0,-30.0,2.0,0.0,0.0,2.0,1.0,7.0,3.0,2.0,1.0,0.0,7.0,3.0,1,2
435982,2023-09-02 11:30:00+00:00,Sheffield United FC,Everton FC,1470.0,1470.0,0.0,3.0,0.0,0.0,3.0,2.0,5.0,3.0,0.0,0.0,3.0,0.0,6.0,2,2
435981,2023-09-02 14:00:00+00:00,Manchester City FC,Fulham FC,1530.0,1499.3528000084657,30.647199991534308,3.0,3.0,0.0,0.0,6.0,1.0,3.0,1.0,1.0,1.0,3.0,5.0,5,1
435977,2023-09-02 14:00:00+00:00,Chelsea FC,Nottingham Forest FC,1485.0,1500.0,-15.0,3.0,1.0,1.0,1.0,5.0,4.0,3.0,1.0,0.0,2.0,5.0,6.0,0,1
435974,2023-09-02 14:00:00+00:00,Brentford FC,AFC Bournemouth,1515.6471999915343,1485.0,30.647199991534308,3.0,1.0,2.0,0.0,6.0,3.0,3.0,0.0,1.0,2.0,2.0,6.0,2,2
435976,2023-09-02 14:00:00+00:00,Burnley FC,Tottenham Hotspur FC,1485.0,1515.6471999915343,-30.647199991534308,2.0,0.0,0.0,2.0,1.0,6.0,3.0,2.0,1.0,0.0,6.0,2.0,2,5
435975,2023-09-02 16:30:00+00:00,Brighton & Hove Albion FC,Newcastle United FC,1528.7080052393335,1500.0,28.708005239333488,3.0,2.0,0.0,1.0,9.0,5.0,3.0,1.0,0.0,2.0,6.0,4.0,3,1
435978,2023-09-03 13:00:00+00:00,Crystal Palace FC,Wolverhampton Wanderers FC,1500.0,1471.2919947606665,28.708005239333488,3.0,1.0,1.0,1.0,2.0,2.0,3.0,1.0,0.0,2.0,2.0,5.0,3,2
435979,2023-09-03 13:00:00+00:00,Liverpool FC,Aston Villa FC,1515.0,1500.0,15.0,3.0,2.0,1.0,0.0,6.0,3.0,3.0,2.0,0.0,1.0,8.0,6.0,3,0
435973,2023-09-03 15:30:00+00:00,Arsenal FC,Manchester United FC,1530.0,1499.3528000084657,30.647199991534308,3.0,2.0,1.0,0.0,5.0,3.0,3.0,2.0,0.0,1.0,4.0,4.0,3,1
435992,2023-09-16 11:30:00+00:00,Wolverhampton Wanderers FC,Liverpool FC,1486.2362151201037,1529.3528000084657,-43.11658488836201,4.0,1.0,0.0,3.0,4.0,8.0,4.0,3.0,1.0,0.0,9.0,3.0,1,3
435990,2023-09-16 14:00:00+00:00,Tottenham Hotspur FC,Sheffield United FC,1529.32747514012,1457.5649603601544,71.76251477996561,4.0,3.0,1.0,0.0,11.0,4.0,4.0,0.0,1.0,3.0,4.0,7.0,2,1
435984,2023-09-16 14:00:00+00:00,Aston Villa FC,Crystal Palace FC,1514.3528000084657,1500.6750875700438,13.67771243842185,4.0,2.0,0.0,2.0,8.0,9.0,4.0,2.0,1.0,1.0,5.0,4.0,3,1
435986,2023-09-16 14:00:00+00:00,Fulham FC,Luton Town FC,1500.67252485988,1470.0,30.672524859880014,4.0,1.0,1.0,2.0,4.0,10.0,3.0,0.0,0.0,3.0,2.0,9.0,1,0
435987,2023-09-16 14:00:00+00:00,Manchester United FC,Brighton & Hove Albion FC,1514.3807418458844,1513.1164899814928,1.2642518643915537,4.0,2.0,0.0,2.0,5.0,7.0,4.0,3.0,0.0,1.0,12.0,6.0,1,3
435991,2023-09-16 14:00:00+00:00,West Ham United FC,Manchester City FC,1530.591515257841,1542.4350396398456,-11.843524382004716,4.0,3.0,1.0,0.0,9.0,4.0,4.0,4.0,0.0,0.0,11.0,2.0,1,3
435988,2023-09-16 16:30:00+00:00,Newcastle United FC,Brentford FC,1485.6471999915343,1514.9721124214905,-29.324912429956157,4.0,1.0,0.0,3.0,7.0,7.0,4.0,1.0,3.0,0.0,8.0,5.0,1,0
435983,2023-09-17 13:00:00+00:00,AFC Bournemouth,Chelsea FC,1471.3197248514143,1500.0,-28.68027514858568,4.0,0.0,2.0,2.0,4.0,8.0,4.0,1.0,1.0,2.0,5.0,5.0,0,0
435985,2023-09-17 15:30:00+00:00,Everton FC,Arsenal FC,1455.0557796405628,1528.6802751485857,-73.62449550802285,4.0,0.0,1.0,3.0,2.0,8.0,4.0,3.0,1.0,0.0,8.0,4.0,0,1
435989,2023-09-18 18:45:00+00:00,Nottingham Forest FC,Burnley FC,1484.972058162581,1470.6471999915343,14.324858171046799,4.0,2.0,0.0,2.0,6.0,6.0,3.0,0.0,0.0,3.0,3.0,11.0,1,1
435998,2023-09-23 14:00:00+00:00,Crystal Palace FC,Fulham FC,1515.0520699667045,1487.466923710238,27.585146256466487,5.0,2.0,1.0,2.0,6.0,7.0,5.0,2.0,1.0,2.0,5.0,10.0,0,0
436000,2023-09-23 14:00:00+00:00,Luton Town FC,Wolverhampton Wanderers FC,1457.589744160779,1471.859232723443,-14.269488562664037,4.0,0.0,0.0,4.0,2.0,10.0,5.0,1.0,0.0,4.0,5.0,11.0,1,1
436001,2023-09-23 14:00:00+00:00,Manchester City FC,Nottingham Forest FC,1555.6406407894876,1500.6204622502523,55.0201785392353,5.0,5.0,0.0,0.0,14.0,3.0,5.0,2.0,1.0,2.0,7.0,7.0,2,0
435994,2023-09-23 16:30:00+00:00,Brentford FC,Everton FC,1513.097341924413,1455.164107796961,57.933234127452124,5.0,1.0,3.0,1.0,8.0,6.0,5.0,0.0,1.0,4.0,2.0,9.0,1,3
435996,2023-09-23 19:00:00+00:00,Burnley FC,Manchester United FC,1458.1568135825598,1499.9977539728184,-41.84094039025854,4.0,0.0,1.0,3.0,4.0,12.0,5.0,2.0,0.0,3.0,6.0,10.0,0,1
435993,2023-09-24 13:00:00+00:00,Arsenal FC,Tottenham Hotspur FC,1543.0632630216517,1541.8178615490945,1.2454014725572051,5.0,4.0,1.0,0.0,9.0,4.0,5.0,4.0,1.0,0.0,13.0,5.0,2,2
435995,2023-09-24 13:00:00+00:00,Brighton & Hove Albion FC,AFC Bournemouth,1526.9330103323734,1473.1944953484915,53.73851498388194,5.0,4.0,0.0,1.0,15.0,7.0,5.0,0.0,3.0,2.0,4.0,8.0,3,1
435997,2023-09-24 13:00:00+00:00,Chelsea FC,Aston Villa FC,1484.351595912329,1500.0,-15.648404087670997,5.0,1.0,2.0,2.0,5.0,5.0,5.0,3.0,0.0,2.0,11.0,10.0,0,1
435999,2023-09-24 13:00:00+00:00,Liverpool FC,West Ham United FC,1543.7056000169314,1543.001771097062,0.7038289198694656,5.0,4.0,1.0,0.0,12.0,4.0,5.0,3.0,1.0,1.0,10.0,7.0,3,1
436002,2023-09-24 15:30:00+00:00,Sheffield United FC,Newcastle United FC,1457.4566322037565,1471.8306796406537,-14.374047436897172,5.0,0.0,1.0,4.0,5.0,9.0,5.0,2.0,0.0,3.0,8.0,7.0,0,8
436004,2023-09-30 11:30:00+00:00,Aston Villa FC,Brighton & Hove Albion FC,1515.6494438331474,1540.7724460053646,-25.123002172217184,6.0,4.0,0.0,2.0,12.0,10.0,6.0,5.0,0.0,1.0,18.0,8.0,6,1
436012,2023-09-30 14:00:00+00:00,Wolverhampton Wanderers FC,Manchester City FC,1459.9176189769953,1570.0952174920403,-110.17759851504502,6.0,1.0,1.0,4.0,6.0,12.0,6.0,6.0,0.0,0.0,16.0,3.0,2,1
436011,2023-09-30 14:00:00+00:00,West Ham United FC,Sheffield United FC,1528.5471943945092,1446.0288705280404,82.51832386646879,6.0,3.0,1.0,2.0,11.0,10.0,6.0,0.0,1.0,5.0,5.0,17.0,2,0
436008,2023-09-30 14:00:00+00:00,Newcastle United FC,Burnley FC,1488.6039735839747,1459.981042389447,28.62293119452761,6.0,3.0,0.0,3.0,16.0,7.0,5.0,0.0,1.0,4.0,4.0,13.0,2,0
436003,2023-09-30 14:00:00+00:00,AFC Bournemouth,Arsenal FC,1473.6760205913142,1554.347296591214,-80.67127599989976,6.0,0.0,3.0,3.0,5.0,11.0,6.0,4.0,2.0,0.0,11.0,6.0,0,4
436005,2023-09-30 14:00:00+00:00,Everton FC,Luton Town FC,1443.8800742273986,1443.8764755156049,0.0035987117937565927,6.0,1.0,1.0,4.0,5.0,10.0,5.0,0.0,1.0,4.0,3.0,11.0,1,2
436007,2023-09-30 14:00:00+00:00,Manchester United FC,Crystal Palace FC,1486.1583182998272,1499.4026261335569,-13.244307833729636,6.0,3.0,0.0,3.0,7.0,10.0,6.0,2.0,2.0,2.0,6.0,7.0,0,1
436010,2023-09-30 16:30:00+00:00,Tottenham Hotspur FC,Liverpool FC,1553.2456232248103,1555.647213763379,-2.4015905385688257,6.0,4.0,2.0,0.0,15.0,7.0,6.0,5.0,1.0,0.0,15.0,5.0,2,1
436009,2023-10-01 13:00:00+00:00,Nottingham Forest FC,Brentford FC,1498.796233443365,1496.324047981092,2.472185462273046,6.0,2.0,1.0,3.0,7.0,9.0,6.0,1.0,3.0,2.0,9.0,9.0,1,1
436006,2023-10-02 19:00:00+00:00,Fulham FC,Chelsea FC,1501.180192355412,1483.8700706695065,17.310121685905415,6.0,2.0,2.0,2.0,5.0,10.0,6.0,1.0,2.0,3.0,5.0,6.0,0,2
435957,2023-10-03 18:30:00+00:00,Luton Town FC,Burnley FC,1444.5685356690824,1446.1090725282768,-1.5405368591943898,6.0,1.0,1.0,4.0,5.0,12.0,6.0,0.0,1.0,5.0,4.0,15.0,1,2
436019,2023-10-07 11:30:00+00:00,Luton Town FC,Tottenham Hotspur FC,1460.2828908162362,1553.2931861279826,-93.0102953117464,7.0,1.0,1.0,5.0,6.0,14.0,7.0,5.0,2.0,0.0,17.0,8.0,0,1
436020,2023-10-07 14:00:00+00:00,Manchester United FC,Brentford FC,1500.0302881609975,1479.0769005907466,20.953387570250925,7.0,3.0,0.0,4.0,7.0,11.0,7.0,1.0,4.0,2.0,10.0,10.0,2,1
436018,2023-10-07 14:00:00+00:00,Fulham FC,Sheffield United FC,1501.1034493221894,1432.857839853668,68.24560946852125,7.0,2.0,2.0,3.0,5.0,12.0,7.0,0.0,1.0,6.0,5.0,19.0,3,1
436015,2023-10-07 14:00:00+00:00,Burnley FC,Chelsea FC,1433.492008598113,1470.238282925167,-36.746274327053925,7.0,1.0,1.0,5.0,6.0,16.0,7.0,2.0,2.0,3.0,7.0,6.0,1,4
436017,2023-10-07 14:00:00+00:00,Everton FC,AFC Bournemouth,1461.127221617744,1461.5373235334905,-0.4101019157465089,7.0,1.0,1.0,5.0,6.0,12.0,7.0,0.0,3.0,4.0,5.0,15.0,3,0
436016,2023-10-07 16:30:00+00:00,Crystal Palace FC,Nottingham Forest FC,1499.4793691667796,1486.831962453415,12.647406713364717,7.0,3.0,2.0,2.0,7.0,7.0,7.0,2.0,2.0,3.0,8.0,10.0,0,0
436014,2023-10-08 13:00:00+00:00,Brighton & Hove Albion FC,Liverpool FC,1552.9111430631883,1569.479578888048,-16.568435824859762,7.0,5.0,0.0,2.0,19.0,14.0,7.0,5.0,1.0,1.0,16.0,7.0,2,2
436021,2023-10-08 13:00:00+00:00,West Ham United FC,Newcastle United FC,1514.7148292698405,1501.7750042583473,12.939825011493213,7.0,4.0,1.0,2.0,13.0,10.0,7.0,4.0,0.0,3.0,18.0,7.0,2,2
436022,2023-10-08 13:00:00+00:00,Wolverhampton Wanderers FC,Aston Villa FC,1459.2255588235178,1529.2812315774872,-70.05567275396947,7.0,2.0,1.0,4.0,8.0,13.0,7.0,5.0,0.0,2.0,18.0,11.0,1,1
436013,2023-10-08 15:30:00+00:00,Arsenal FC,Manchester City FC,1554.2997336880417,1582.0594884819905,-27.759754793948787,7.0,5.0,2.0,0.0,15.0,6.0,7.0,6.0,0.0,1.0,17.0,5.0,1,0
436027,2023-10-21 11:30:00+00:00,Liverpool FC,Everton FC,1553.7812612879334,1445.4128664705902,108.36839481734319,8.0,5.0,2.0,1.0,18.0,9.0,8.0,2.0,1.0,5.0,9.0,12.0,2,0
436029,2023-10-21 14:00:00+00:00,Newcastle United FC,Crystal Palace FC,1514.392068188511,1514.503154231786,-0.1110860432750087,8.0,4.0,1.0,3.0,20.0,9.0,8.0,3.0,3.0,2.0,7.0,7.0,4,0
436030,2023-10-21 14:00:00+00:00,Nottingham Forest FC,Luton Town FC,1486.4972051114316,1444.128522507631,42.36868260380061,8.0,2.0,3.0,3.0,8.0,10.0,8.0,1.0,1.0,6.0,6.0,15.0,2,2
436025,2023-10-21 14:00:00+00:00,Brentford FC,Burnley FC,1479.41165793273,1449.6463769067182,29.765281026011735,8.0,1.0,4.0,3.0,11.0,12.0,8.0,1.0,1.0,6.0,7.0,20.0,3,0
436023,2023-10-21 14:00:00+00:00,AFC Bournemouth,Wolverhampton Wanderers FC,1450.449674131133,1479.318286908148,-28.86861277701496,8.0,0.0,3.0,5.0,5.0,18.0,8.0,2.0,2.0,4.0,9.0,14.0,1,2
436028,2023-10-21 14:00:00+00:00,Manchester City FC,Brighton & Hove Albion FC,1561.96676039736,1536.8925278887427,25.074232508617342,8.0,6.0,0.0,2.0,17.0,6.0,8.0,5.0,1.0,2.0,21.0,16.0,2,1
436026,2023-10-21 16:30:00+00:00,Chelsea FC,Arsenal FC,1486.567344782669,1565.387383090399,-78.8200383077301,8.0,3.0,2.0,3.0,11.0,7.0,8.0,6.0,2.0,0.0,16.0,6.0,2,2
436031,2023-10-21 19:00:00+00:00,Sheffield United FC,Manchester United FC,1421.3279197063937,1485.006503095991,-63.67858338959741,8.0,0.0,1.0,7.0,6.0,22.0,8.0,4.0,0.0,4.0,9.0,12.0,1,2
436024,2023-10-22 15:30:00+00:00,Aston Villa FC,West Ham United FC,1545.299846751933,1526.2447494171147,19.055097334818356,8.0,5.0,1.0,2.0,19.0,12.0,8.0,4.0,2.0,2.0,15.0,12.0,4,1
436032,2023-10-23 19:00:00+00:00,Tottenham Hotspur FC,Fulham FC,1568.991503728097,1484.7743874646874,84.21711626340971,8.0,6.0,2.0,0.0,18.0,8.0,8.0,3.0,2.0,3.0,8.0,13.0,2,0
436038,2023-10-27 19:00:00+00:00,Crystal Palace FC,Tottenham Hotspur FC,1513.2966521992146,1578.8214265330153,-65.52477433380068,9.0,3.0,3.0,3.0,7.0,11.0,9.0,7.0,2.0,0.0,20.0,8.0,1,2
436037,2023-10-28 11:30:00+00:00,Chelsea FC,Brentford FC,1499.9793116938931,1464.6531859383897,35.326125755503426,9.0,3.0,3.0,3.0,13.0,9.0,9.0,2.0,4.0,3.0,14.0,12.0,0,2
436034,2023-10-28 14:00:00+00:00,Arsenal FC,Sheffield United FC,1580.2397077088908,1409.037075910479,171.20263179841186,9.0,6.0,3.0,0.0,18.0,8.0,9.0,0.0,1.0,8.0,7.0,24.0,5,0
436033,2023-10-28 14:00:00+00:00,AFC Bournemouth,Burnley FC,1435.232232896912,1436.2344099954937,-1.0021770985817966,9.0,0.0,3.0,6.0,6.0,20.0,9.0,1.0,1.0,7.0,7.0,23.0,2,1
436042,2023-10-28 16:30:00+00:00,Wolverhampton Wanderers FC,Newcastle United FC,1482.1331803837904,1514.9035911475328,-32.77041076374235,9.0,3.0,2.0,4.0,11.0,15.0,9.0,5.0,1.0,3.0,24.0,9.0,2,2
436041,2023-10-29 13:00:00+00:00,West Ham United FC,Everton FC,1525.733226458093,1460.6303077048112,65.10291875328176,9.0,4.0,2.0,3.0,16.0,16.0,9.0,2.0,1.0,6.0,9.0,14.0,0,1
436035,2023-10-29 14:00:00+00:00,Aston Villa FC,Luton Town FC,1542.4849532762908,1434.2985997027129,108.18635357357789,9.0,6.0,1.0,2.0,23.0,13.0,9.0,1.0,2.0,6.0,8.0,17.0,3,1
436036,2023-10-29 14:00:00+00:00,Brighton & Hove Albion FC,Fulham FC,1537.621099364731,1497.065231260602,40.555868104128876,9.0,5.0,1.0,3.0,22.0,18.0,9.0,3.0,2.0,4.0,8.0,15.0,1,1
436039,2023-10-29 14:00:00+00:00,Liverpool FC,Nottingham Forest FC,1553.0526898119451,1487.7037071440031,65.34898266794198,9.0,6.0,2.0,1.0,20.0,9.0,9.0,2.0,4.0,3.0,10.0,12.0,3,0
436040,2023-10-29 15:30:00+00:00,Manchester United FC,Manchester City FC,1499.7649750903315,1547.1144357788685,-47.349460688536965,9.0,5.0,0.0,4.0,11.0,13.0,9.0,7.0,0.0,2.0,19.0,7.0,0,3
436046,2023-11-04 12:30:00+00:00,Fulham FC,Manchester United FC,1485.5311920928518,1510.9346102325355,-25.40341813968371,10.0,3.0,3.0,4.0,9.0,16.0,10.0,5.0,0.0,5.0,11.0,16.0,0,1
436043,2023-11-04 15:00:00+00:00,Brentford FC,West Ham United FC,1478.428977747462,1511.4558967264666,-33.02691897900445,10.0,3.0,4.0,3.0,16.0,12.0,10.0,4.0,2.0,4.0,16.0,17.0,3,2
436044,2023-11-04 15:00:00+00:00,Burnley FC,Crystal Palace FC,1422.458618186421,1498.3660288357853,-75.90741064936424,10.0,1.0,1.0,8.0,8.0,25.0,10.0,3.0,3.0,4.0,8.0,13.0,0,2
436045,2023-11-04 15:00:00+00:00,Everton FC,Brighton & Hove Albion FC,1449.5289732989218,1523.0308576739112,-73.50188437498946,10.0,3.0,1.0,6.0,10.0,14.0,10.0,5.0,2.0,3.0,23.0,19.0,1,1
436048,2023-11-04 15:00:00+00:00,Manchester City FC,AFC Bournemouth,1561.704677469688,1422.2448989388056,139.45977853088243,10.0,8.0,0.0,2.0,22.0,7.0,10.0,1.0,3.0,6.0,8.0,21.0,6,1
436051,2023-11-04 15:00:00+00:00,Sheffield United FC,Wolverhampton Wanderers FC,1397.867440768275,1495.1205143418968,-97.2530735736218,10.0,0.0,1.0,9.0,7.0,29.0,10.0,3.0,3.0,4.0,13.0,17.0,2,1
436049,2023-11-04 17:30:00+00:00,Newcastle United FC,Arsenal FC,1529.834214510962,1576.8349383131674,-47.00072380220536,10.0,5.0,2.0,3.0,26.0,11.0,10.0,7.0,3.0,0.0,23.0,8.0,1,0
436050,2023-11-05 14:00:00+00:00,Nottingham Forest FC,Aston Villa FC,1485.4160124664706,1556.7622830079172,-71.34627054144653,10.0,2.0,4.0,4.0,10.0,15.0,10.0,7.0,1.0,2.0,26.0,14.0,2,0
436047,2023-11-05 16:30:00+00:00,Luton Town FC,Liverpool FC,1436.5862943802454,1564.1540242178346,-127.56772983758924,10.0,1.0,2.0,7.0,9.0,20.0,10.0,7.0,2.0,1.0,23.0,9.0,1,1
436052,2023-11-06 20:00:00+00:00,Tottenham Hotspur FC,Chelsea FC,1590.3554657007655,1503.3840810896163,86.97138461114923,10.0,8.0,2.0,0.0,22.0,9.0,10.0,3.0,3.0,4.0,13.0,11.0,1,4
436062,2023-11-11 12:30:00+00:00,Wolverhampton Wanderers FC,Tottenham Hotspur FC,1496.6142579657617,1601.474234795319,-104.85997682955735,11.0,3.0,3.0,5.0,14.0,19.0,11.0,8.0,2.0,1.0,23.0,13.0,2,1
436054,2023-11-11 15:00:00+00:00,Arsenal FC,Burnley FC,1584.7261835277138,1407.449391185954,177.2767923417598,11.0,7.0,3.0,1.0,23.0,9.0,11.0,1.0,1.0,9.0,8.0,27.0,3,1
436058,2023-11-11 15:00:00+00:00,Crystal Palace FC,Everton FC,1487.2472597412318,1467.1746157455343,20.07264399569749,11.0,4.0,3.0,4.0,10.0,13.0,11.0,3.0,2.0,6.0,11.0,15.0,2,3
436060,2023-11-11 15:00:00+00:00,Manchester United FC,Luton Town FC,1498.111060707066,1426.5772351257829,71.53382558128305,11.0,6.0,0.0,5.0,12.0,16.0,11.0,1.0,3.0,7.0,10.0,21.0,1,0
436053,2023-11-11 17:30:00+00:00,AFC Bournemouth,Newcastle United FC,1437.2541259392726,1528.3404708870971,-91.0863449478245,11.0,1.0,3.0,7.0,9.0,27.0,11.0,6.0,2.0,3.0,27.0,11.0,2,0
436055,2023-11-12 14:00:00+00:00,Aston Villa FC,Fulham FC,1566.7713422623797,1487.1439251610634,79.62741710131627,11.0,7.0,1.0,3.0,26.0,16.0,11.0,3.0,3.0,5.0,9.0,17.0,3,1
436056,2023-11-12 14:00:00+00:00,Brighton & Hove Albion FC,Sheffield United FC,1521.4181246056996,1389.9761955537283,131.44192905197133,11.0,5.0,3.0,3.0,24.0,20.0,11.0,1.0,1.0,9.0,9.0,30.0,1,1
436059,2023-11-12 14:00:00+00:00,Liverpool FC,Brentford FC,1575.811656731614,1494.5045271948932,81.30712953672082,11.0,7.0,3.0,1.0,24.0,10.0,11.0,4.0,4.0,3.0,19.0,14.0,3,0
436061,2023-11-12 14:00:00+00:00,West Ham United FC,Nottingham Forest FC,1493.8102542798538,1473.7583799526913,20.051874327162523,11.0,4.0,2.0,5.0,18.0,20.0,11.0,3.0,4.0,4.0,12.0,15.0,3,2
436057,2023-11-12 16:30:00+00:00,Chelsea FC,Manchester City FC,1487.3085316421857,1574.5282269951576,-87.21969535297194,11.0,4.0,3.0,4.0,17.0,12.0,11.0,9.0,0.0,2.0,28.0,8.0,4,4
436068,2023-11-25 12:30:00+00:00,Manchester City FC,Liverpool FC,1583.891913485594,1569.73771504846,14.154198437134028,12.0,9.0,1.0,2.0,32.0,12.0,12.0,8.0,3.0,1.0,27.0,10.0,1,1
436064,2023-11-25 15:00:00+00:00,Burnley FC,West Ham United FC,1395.8352147911587,1478.8402284111692,-83.00501362001046,12.0,1.0,1.0,10.0,9.0,30.0,12.0,5.0,2.0,5.0,21.0,22.0,1,2
436067,2023-11-25 15:00:00+00:00,Luton Town FC,Crystal Palace FC,1432.6511768089367,1498.8614361360271,-66.2102593270904,12.0,1.0,3.0,8.0,10.0,22.0,12.0,4.0,3.0,5.0,12.0,16.0,2,1
436069,2023-11-25 15:00:00+00:00,Newcastle United FC,Chelsea FC,1545.7536881284705,1507.0674021559253,38.68628597254519,12.0,6.0,2.0,4.0,27.0,13.0,12.0,4.0,4.0,4.0,21.0,16.0,4,1
436070,2023-11-25 15:00:00+00:00,Nottingham Forest FC,Brighton & Hove Albion FC,1492.6808099769091,1519.0950882474524,-26.414278270543264,12.0,3.0,4.0,5.0,14.0,18.0,12.0,5.0,4.0,3.0,25.0,21.0,2,3
436071,2023-11-25 15:00:00+00:00,Sheffield United FC,AFC Bournemouth,1409.4408066014134,1427.8904394488363,-18.44963284742289,12.0,1.0,2.0,9.0,10.0,31.0,12.0,2.0,3.0,7.0,11.0,27.0,1,3
436063,2023-11-25 17:30:00+00:00,Brentford FC,Arsenal FC,1509.4745530635778,1567.3129662863405,-57.83841322276271,12.0,4.0,4.0,4.0,19.0,17.0,12.0,8.0,3.0,1.0,26.0,10.0,0,1
436072,2023-11-26 14:00:00+00:00,Tottenham Hotspur FC,Aston Villa FC,1581.7153642815792,1547.8489122381618,33.86645204341744,12.0,8.0,2.0,2.0,24.0,15.0,12.0,8.0,1.0,3.0,29.0,17.0,1,2
436065,2023-11-26 16:30:00+00:00,Everton FC,Manchester United FC,1469.4976521037818,1512.6377286045845,-43.14007650080271,12.0,4.0,2.0,6.0,14.0,17.0,12.0,7.0,0.0,5.0,13.0,16.0,0,3
436066,2023-11-27 20:00:00+00:00,Fulham FC,Wolverhampton Wanderers FC,1472.617257263545,1477.1496469180768,-4.532389654531698,12.0,3.0,3.0,6.0,10.0,20.0,12.0,4.0,3.0,5.0,16.0,20.0,3,2
436076,2023-12-02 15:00:00+00:00,Burnley FC,Sheffield United FC,1387.6906882844464,1414.023793204444,-26.333104919997595,13.0,1.0,1.0,11.0,10.0,32.0,13.0,1.0,2.0,10.0,11.0,34.0,5,0
436075,2023-12-02 15:00:00+00:00,Brentford FC,Luton Town FC,1497.0505413947144,1421.0447305299228,76.00581086479156,13.0,4.0,4.0,5.0,19.0,18.0,13.0,2.0,3.0,8.0,12.0,23.0,3,1
436074,2023-12-02 15:00:00+00:00,Arsenal FC,Wolverhampton Wanderers FC,1575.4574927930528,1496.5325697598948,78.92492303315794,13.0,9.0,3.0,1.0,27.0,10.0,13.0,4.0,3.0,6.0,18.0,23.0,2,1
436081,2023-12-02 17:30:00+00:00,Nottingham Forest FC,Everton FC,1477.0835799260904,1485.7623787222649,-8.678798796174533,13.0,3.0,4.0,6.0,16.0,21.0,13.0,4.0,2.0,7.0,14.0,20.0,0,1
436080,2023-12-02 20:00:00+00:00,Newcastle United FC,Manchester United FC,1525.8517380107387,1524.244174883598,1.6075631271407929,13.0,7.0,2.0,4.0,31.0,14.0,13.0,8.0,0.0,5.0,16.0,16.0,1,0
436073,2023-12-03 14:00:00+00:00,AFC Bournemouth,Aston Villa FC,1447.792389566568,1559.650729475135,-111.8583399085669,13.0,3.0,3.0,7.0,14.0,28.0,13.0,9.0,1.0,3.0,31.0,18.0,2,2
436077,2023-12-03 14:00:00+00:00,Chelsea FC,Brighton & Hove Albion FC,1510.3311632877053,1514.5121016444218,-4.180938356716524,13.0,4.0,4.0,5.0,22.0,20.0,13.0,6.0,4.0,3.0,28.0,23.0,3,2
436078,2023-12-03 14:00:00+00:00,Liverpool FC,Fulham FC,1582.1617267173235,1460.815440026572,121.34628669075141,13.0,8.0,4.0,1.0,28.0,11.0,13.0,4.0,3.0,6.0,13.0,22.0,4,3
436082,2023-12-03 14:00:00+00:00,West Ham United FC,Crystal Palace FC,1494.437458461988,1482.5967095175442,11.840748944443703,13.0,6.0,2.0,5.0,23.0,23.0,13.0,4.0,3.0,6.0,13.0,18.0,1,1
436079,2023-12-03 16:30:00+00:00,Manchester City FC,Tottenham Hotspur FC,1580.628152353814,1562.3324414397612,18.295710914052734,13.0,9.0,2.0,2.0,33.0,13.0,13.0,8.0,2.0,3.0,25.0,17.0,3,3
436090,2023-12-05 19:30:00+00:00,Wolverhampton Wanderers FC,Burnley FC,1479.9959466600374,1377.159576446449,102.83637021358845,14.0,4.0,3.0,7.0,19.0,25.0,14.0,2.0,1.0,11.0,15.0,32.0,1,0
436087,2023-12-05 20:15:00+00:00,Luton Town FC,Arsenal FC,1438.6746859184389,1587.1287115522814,-148.45402563384255,14.0,2.0,3.0,9.0,13.0,26.0,14.0,10.0,3.0,1.0,29.0,11.0,3,4
436091,2023-12-06 19:30:00+00:00,Crystal Palace FC,AFC Bournemouth,1464.9667541290282,1461.3390555633823,3.6276985656459146,14.0,4.0,4.0,6.0,14.0,19.0,14.0,3.0,4.0,7.0,16.0,30.0,0,2
436088,2023-12-06 19:30:00+00:00,Sheffield United FC,Liverpool FC,1400.4771272076296,1582.095517419781,-181.61839021215133,14.0,1.0,2.0,11.0,11.0,39.0,14.0,9.0,4.0,1.0,32.0,14.0,0,2
436086,2023-12-06 19:30:00+00:00,Fulham FC,Nottingham Forest FC,1477.3520631264294,1463.693276905645,13.65878622078435,14.0,4.0,3.0,7.0,16.0,26.0,14.0,3.0,4.0,7.0,16.0,22.0,5,0
436084,2023-12-06 19:30:00+00:00,Brighton & Hove Albion FC,Brentford FC,1527.9024046648672,1485.3793226354858,42.523082029381385,14.0,6.0,4.0,4.0,30.0,26.0,14.0,5.0,4.0,5.0,22.0,19.0,2,1
436083,2023-12-06 20:15:00+00:00,Aston Villa FC,Manchester City FC,1574.7665059883311,1580.6943616513568,-5.927855663025639,14.0,9.0,2.0,3.0,33.0,20.0,14.0,9.0,3.0,2.0,36.0,16.0,1,0
436092,2023-12-06 20:15:00+00:00,Manchester United FC,Chelsea FC,1537.58954282511,1496.000794989455,41.588747835654885,14.0,8.0,0.0,6.0,16.0,17.0,14.0,5.0,4.0,5.0,25.0,22.0,2,1
436085,2023-12-07 19:30:00+00:00,Everton FC,Newcastle United FC,1472.417010780753,1540.182106308989,-67.76509552823609,14.0,5.0,2.0,7.0,15.0,20.0,14.0,8.0,2.0,4.0,32.0,14.0,3,0
436089,2023-12-07 20:15:00+00:00,Tottenham Hotspur FC,West Ham United FC,1547.2166649265648,1504.9685702999857,42.24809462657913,14.0,8.0,3.0,3.0,28.0,20.0,14.0,6.0,3.0,5.0,24.0,24.0,1,2
436095,2023-12-09 12:30:00+00:00,Crystal Palace FC,Liverpool FC,1466.6861805220594,1592.705577255935,-126.01939673387551,15.0,4.0,4.0,7.0,14.0,21.0,15.0,10.0,4.0,1.0,34.0,14.0,1,2
436094,2023-12-09 15:00:00+00:00,Brighton & Hove Albion FC,Burnley FC,1511.5289591108,1393.1647672970566,118.36419181374345,15.0,7.0,4.0,4.0,32.0,27.0,15.0,2.0,1.0,12.0,15.0,33.0,1,1
436099,2023-12-09 15:00:00+00:00,Manchester United FC,AFC Bournemouth,1522.7014707107578,1466.0692419465292,56.63222876422856,15.0,9.0,0.0,6.0,18.0,18.0,15.0,4.0,4.0,7.0,18.0,30.0,0,3
436100,2023-12-09 15:00:00+00:00,Sheffield United FC,Brentford FC,1384.4719363570216,1498.3749800524,-113.9030436953783,15.0,1.0,2.0,12.0,11.0,41.0,15.0,5.0,4.0,6.0,23.0,21.0,1,0
436102,2023-12-09 15:00:00+00:00,Wolverhampton Wanderers FC,Nottingham Forest FC,1469.4800153639046,1449.0698316420292,20.410183721875455,15.0,5.0,3.0,7.0,20.0,25.0,15.0,3.0,4.0,8.0,16.0,27.0,1,1
436093,2023-12-09 17:30:00+00:00,Aston Villa FC,Arsenal FC,1570.0363196051846,1597.6446428484142,-27.608323243229506,15.0,10.0,2.0,3.0,34.0,20.0,15.0,11.0,3.0,1.0,33.0,14.0,1,0
436096,2023-12-10 14:00:00+00:00,Everton FC,Chelsea FC,1487.0404560443687,1512.3742405435223,-25.33378449915358,15.0,6.0,2.0,7.0,18.0,20.0,15.0,5.0,4.0,6.0,26.0,24.0,2,0
436097,2023-12-10 14:00:00+00:00,Fulham FC,West Ham United FC,1466.742003290275,1503.2491439069545,-36.50714061667941,15.0,5.0,3.0,7.0,21.0,26.0,15.0,7.0,3.0,5.0,26.0,25.0,5,0
436098,2023-12-10 14:00:00+00:00,Luton Town FC,Manchester City FC,1425.6790285015247,1579.253469902966,-153.57444140144116,15.0,2.0,3.0,10.0,16.0,30.0,15.0,9.0,3.0,3.0,36.0,17.0,1,2
436101,2023-12-10 16:30:00+00:00,Tottenham Hotspur FC,Newcastle United FC,1548.6575566749557,1555.070178423341,-6.412621748385391,15.0,8.0,3.0,4.0,29.0,22.0,15.0,8.0,2.0,5.0,32.0,17.0,4,1
436111,2023-12-15 20:00:00+00:00,Nottingham Forest FC,Tottenham Hotspur FC,1434.8321433171368,1531.7082045234963,-96.87606120635951,16.0,3.0,5.0,8.0,17.0,28.0,16.0,9.0,3.0,4.0,33.0,23.0,0,2
436107,2023-12-16 15:00:00+00:00,Chelsea FC,Sheffield United FC,1497.819971646553,1377.5206818440463,120.29928980250679,16.0,5.0,4.0,7.0,26.0,26.0,16.0,2.0,2.0,12.0,12.0,41.0,2,0
436109,2023-12-16 15:00:00+00:00,Manchester City FC,Crystal Palace FC,1563.8556268651755,1451.659545170667,112.19608169450862,16.0,10.0,3.0,3.0,38.0,18.0,16.0,4.0,4.0,8.0,15.0,23.0,2,2
436110,2023-12-16 15:00:00+00:00,Newcastle United FC,Fulham FC,1537.170067952989,1480.9796916151674,56.19037633782159,16.0,8.0,2.0,6.0,33.0,21.0,16.0,6.0,3.0,7.0,26.0,26.0,3,0
436106,2023-12-16 17:30:00+00:00,Burnley FC,Everton FC,1381.40757600986,1504.9405665147208,-123.53299050486089,16.0,2.0,2.0,12.0,16.0,34.0,16.0,7.0,2.0,7.0,20.0,20.0,0,2
436105,2023-12-17 14:00:00+00:00,Brentford FC,Aston Villa FC,1483.9426117916846,1585.434162642975,-101.49155085129041,16.0,5.0,4.0,7.0,23.0,22.0,16.0,11.0,2.0,3.0,35.0,20.0,1,2
436112,2023-12-17 14:00:00+00:00,West Ham United FC,Wolverhampton Wanderers FC,1520.1984960584136,1481.2372066511014,38.96128940731228,16.0,7.0,3.0,6.0,26.0,30.0,16.0,5.0,4.0,7.0,21.0,26.0,3,0
436104,2023-12-17 14:00:00+00:00,Arsenal FC,Brighton & Hove Albion FC,1605.772516858789,1525.9613273715152,79.81118948727385,16.0,11.0,3.0,2.0,33.0,15.0,16.0,7.0,5.0,4.0,33.0,28.0,2,0
436108,2023-12-17 16:30:00+00:00,Liverpool FC,Manchester United FC,1599.6568317689105,1537.255739607727,62.40109216118344,16.0,11.0,4.0,1.0,36.0,15.0,16.0,9.0,0.0,7.0,18.0,21.0,0,0
436114,2023-12-21 20:00:00+00:00,Crystal Palace FC,Brighton & Hove Albion FC,1442.688768908853,1520.0572480771991,-77.36847916834608,17.0,4.0,5.0,8.0,17.0,25.0,17.0,7.0,5.0,5.0,33.0,30.0,1,1
436113,2023-12-22 20:00:00+00:00,Aston Villa FC,Sheffield United FC,1601.311238366278,1396.9767867793662,204.33445158691188,17.0,12.0,2.0,3.0,37.0,21.0,17.0,2.0,2.0,13.0,12.0,43.0,1,1
436121,2023-12-23 12:30:00+00:00,West Ham United FC,Manchester United FC,1503.512439372097,1519.8520217250818,-16.339582352984735,17.0,8.0,3.0,6.0,29.0,30.0,17.0,9.0,1.0,7.0,18.0,21.0,2,0
436115,2023-12-23 15:00:00+00:00,Fulham FC,Burnley FC,1497.6657483014835,1387.311655304176,110.35409299730759,17.0,6.0,3.0,8.0,26.0,29.0,17.0,2.0,2.0,13.0,16.0,36.0,0,2
436117,2023-12-23 15:00:00+00:00,Luton Town FC,Newcastle United FC,1417.55115449115,1521.9342797768395,-104.3831252856894,16.0,2.0,3.0,11.0,17.0,32.0,17.0,9.0,2.0,6.0,36.0,21.0,1,0
436119,2023-12-23 15:00:00+00:00,Nottingham Forest FC,AFC Bournemouth,1436.8237817476925,1481.0958772979218,-44.272095550229324,17.0,3.0,5.0,9.0,17.0,30.0,16.0,5.0,4.0,7.0,21.0,30.0,2,3
436120,2023-12-23 15:00:00+00:00,Tottenham Hotspur FC,Everton FC,1546.9439926996458,1519.633188757399,27.31080394224682,17.0,10.0,3.0,4.0,35.0,23.0,17.0,8.0,2.0,7.0,22.0,20.0,2,1
436116,2023-12-23 17:30:00+00:00,Liverpool FC,Arsenal FC,1608.627608030724,1589.895441135486,18.73216689523815,17.0,11.0,5.0,1.0,36.0,15.0,17.0,12.0,3.0,2.0,35.0,15.0,1,1
436122,2023-12-24 13:00:00+00:00,Wolverhampton Wanderers FC,Chelsea FC,1479.2455682205457,1483.1273494038749,-3.881781183329167,17.0,5.0,4.0,8.0,21.0,29.0,17.0,6.0,4.0,7.0,28.0,26.0,2,1
436131,2023-12-26 12:30:00+00:00,Newcastle United FC,Nottingham Forest FC,1535.8882237616058,1426.424998845272,109.46322491633373,18.0,9.0,2.0,7.0,36.0,22.0,18.0,3.0,5.0,10.0,19.0,33.0,1,3
436123,2023-12-26 15:00:00+00:00,AFC Bournemouth,Fulham FC,1498.499595180567,1483.7118043167177,14.787790863849295,17.0,6.0,4.0,7.0,24.0,32.0,18.0,6.0,3.0,9.0,26.0,31.0,3,0
436132,2023-12-26 15:00:00+00:00,Sheffield United FC,Luton Town FC,1385.621805587023,1408.5189815434214,-22.89717595639854,18.0,2.0,3.0,13.0,13.0,44.0,17.0,3.0,3.0,11.0,18.0,32.0,2,3
436127,2023-12-26 17:30:00+00:00,Burnley FC,Liverpool FC,1377.7633624356736,1604.8761474645826,-227.112785028909,18.0,3.0,2.0,13.0,18.0,36.0,18.0,11.0,6.0,1.0,37.0,16.0,0,2
436130,2023-12-26 20:00:00+00:00,Manchester United FC,Aston Villa FC,1523.6034822912234,1610.691594562532,-87.08811227130855,18.0,9.0,1.0,8.0,18.0,23.0,18.0,12.0,3.0,3.0,38.0,22.0,3,2
436125,2023-12-27 19:30:00+00:00,Brentford FC,Wolverhampton Wanderers FC,1464.4865068563647,1465.2915529024228,-0.8050460460581235,17.0,5.0,4.0,8.0,24.0,24.0,18.0,6.0,4.0,8.0,23.0,30.0,1,4
436128,2023-12-27 19:30:00+00:00,Chelsea FC,Crystal Palace FC,1494.4823305962182,1448.0607687787674,46.421561817450765,18.0,6.0,4.0,8.0,29.0,28.0,18.0,4.0,6.0,8.0,18.0,26.0,2,1
436129,2023-12-27 20:15:00+00:00,Everton FC,Manchester City FC,1529.1814816259014,1572.887799812904,-43.70631818700258,18.0,8.0,2.0,8.0,23.0,22.0,17.0,10.0,4.0,3.0,40.0,20.0,1,3
436126,2023-12-28 19:30:00+00:00,Brighton & Hove Albion FC,Tottenham Hotspur FC,1508.0324416602714,1557.3427756020662,-49.31033394179485,18.0,7.0,6.0,5.0,34.0,31.0,18.0,11.0,3.0,4.0,37.0,24.0,4,2
436124,2023-12-28 20:15:00+00:00,Arsenal FC,West Ham United FC,1601.9202475524137,1517.4664546902202,84.4537928621935,18.0,12.0,4.0,2.0,36.0,16.0,18.0,9.0,3.0,6.0,31.0,30.0,0,2
436137,2023-12-30 12:30:00+00:00,Luton Town FC,Chelsea FC,1428.7841701079903,1478.2250204731315,-49.44085036514116,18.0,4.0,3.0,11.0,21.0,34.0,19.0,7.0,4.0,8.0,31.0,29.0,2,3
436142,2023-12-30 15:00:00+00:00,Wolverhampton Wanderers FC,Everton FC,1481.5488630255095,1515.3946468051702,-33.84578377966068,19.0,7.0,4.0,8.0,27.0,31.0,19.0,8.0,2.0,9.0,24.0,25.0,3,0
436138,2023-12-30 15:00:00+00:00,Manchester City FC,Sheffield United FC,1567.5157999429896,1394.1746413784767,173.34115856451285,18.0,11.0,4.0,3.0,43.0,21.0,19.0,2.0,3.0,14.0,15.0,47.0,2,0
436133,2023-12-30 15:00:00+00:00,Aston Villa FC,Burnley FC,1602.138758771078,1397.2008217845153,204.93793698656282,19.0,12.0,3.0,4.0,40.0,25.0,19.0,3.0,2.0,14.0,18.0,38.0,3,2
436134,2023-12-30 15:00:00+00:00,Crystal Palace FC,Brentford FC,1450.6245419024108,1455.1061506601109,-4.481608757700087,19.0,4.0,6.0,9.0,19.0,28.0,18.0,5.0,4.0,9.0,25.0,28.0,3,1
436139,2023-12-30 17:30:00+00:00,Nottingham Forest FC,Manchester United FC,1414.4928276442115,1508.3385530640617,-93.84572541985017,19.0,4.0,5.0,10.0,22.0,34.0,19.0,10.0,1.0,8.0,21.0,25.0,2,1
436135,2023-12-31 14:00:00+00:00,Fulham FC,Arsenal FC,1464.274344967876,1602.0478609310962,-137.77351596322023,19.0,6.0,3.0,10.0,26.0,34.0,19.0,12.0,4.0,3.0,36.0,18.0,2,1
436140,2023-12-31 14:00:00+00:00,Tottenham Hotspur FC,AFC Bournemouth,1571.1296104227974,1510.4317663816273,60.69784404117013,19.0,11.0,3.0,5.0,39.0,28.0,18.0,7.0,4.0,7.0,27.0,32.0,3,1
436136,2024-01-01 20:00:00+00:00,Liverpool FC,Newcastle United FC,1604.7485340859,1515.6230351970369,89.12549888886315,19.0,12.0,6.0,1.0,39.0,16.0,19.0,9.0,2.0,8.0,37.0,25.0,4,2
436141,2024-01-02 19:30:00+00:00,West Ham United FC,Brighton & Hove Albion FC,1532.731383917382,1505.468668536628,27.26271538075389,19.0,10.0,3.0,6.0,33.0,30.0,19.0,8.0,6.0,5.0,38.0,33.0,0,0
436147,2024-01-12 19:45:00+00:00,Burnley FC,Luton Town FC,1390.2284574974444,1442.2948794594813,-52.066421962036884,20.0,3.0,2.0,15.0,20.0,41.0,19.0,4.0,3.0,12.0,23.0,37.0,1,1
436148,2024-01-13 12:30:00+00:00,Chelsea FC,Fulham FC,1492.0359123831831,1451.2554793312015,40.78043305198162,20.0,8.0,4.0,8.0,34.0,31.0,20.0,7.0,3.0,10.0,28.0,35.0,1,0
436151,2024-01-13 17:30:00+00:00,Newcastle United FC,Manchester City FC,1496.3761603969865,1580.282278937504,-83.90611854051758,20.0,9.0,2.0,9.0,39.0,29.0,19.0,12.0,4.0,3.0,45.0,21.0,2,3
436149,2024-01-14 14:00:00+00:00,Everton FC,Aston Villa FC,1502.628167810656,1583.1846836166287,-80.55651580597282,20.0,8.0,2.0,10.0,24.0,28.0,20.0,13.0,3.0,4.0,43.0,27.0,0,0
436150,2024-01-14 16:30:00+00:00,Manchester United FC,Tottenham Hotspur FC,1527.292628218511,1553.3280739782792,-26.03544575976821,20.0,10.0,1.0,9.0,22.0,27.0,20.0,12.0,3.0,5.0,42.0,29.0,2,2
436144,2024-01-20 12:30:00+00:00,Arsenal FC,Crystal Palace FC,1584.094311937276,1436.8136499923592,147.2806619449168,20.0,12.0,4.0,4.0,37.0,20.0,20.0,5.0,6.0,9.0,22.0,29.0,5,0
436145,2024-01-20 17:30:00+00:00,Brentford FC,Nottingham Forest FC,1441.245575145875,1433.739702444262,7.505872701612816,19.0,5.0,4.0,10.0,26.0,31.0,20.0,5.0,5.0,10.0,24.0,35.0,3,2
436152,2024-01-21 14:00:00+00:00,Sheffield United FC,West Ham United FC,1380.6639320269858,1550.6849329112022,-170.0210008842164,20.0,2.0,3.0,15.0,15.0,49.0,20.0,10.0,4.0,6.0,33.0,30.0,2,2
436143,2024-01-21 16:30:00+00:00,AFC Bournemouth,Liverpool FC,1523.4506320183018,1611.7208983729709,-88.27026635466905,19.0,7.0,4.0,8.0,28.0,35.0,20.0,13.0,6.0,1.0,43.0,18.0,0,4
436146,2024-01-22 19:45:00+00:00,Brighton & Hove Albion FC,Wolverhampton Wanderers FC,1523.2702049811462,1495.4094385397457,27.86076644140053,20.0,8.0,7.0,5.0,38.0,33.0,20.0,8.0,4.0,8.0,30.0,31.0,0,0
436153,2024-01-30 19:30:00+00:00,Nottingham Forest FC,Arsenal FC,1452.683841648341,1563.623231834464,-110.93939018612286,21.0,5.0,5.0,11.0,26.0,38.0,21.0,13.0,4.0,4.0,42.0,20.0,1,2
436155,2024-01-30 19:45:00+00:00,Luton Town FC,Brighton & Hove Albion FC,1429.4278197038373,1524.4513436316042,-95.02352392776697,20.0,4.0,4.0,12.0,24.0,38.0,21.0,8.0,8.0,5.0,38.0,33.0,4,0
436156,2024-01-30 19:45:00+00:00,Fulham FC,Everton FC,1471.7265594340136,1487.3165550543183,-15.589995620304762,21.0,7.0,3.0,11.0,28.0,36.0,21.0,8.0,3.0,10.0,24.0,28.0,0,0
436157,2024-01-30 20:00:00+00:00,Crystal Palace FC,Sheffield United FC,1452.0049812046243,1373.4443024631487,78.56067874147561,21.0,5.0,6.0,10.0,22.0,34.0,21.0,2.0,4.0,15.0,17.0,51.0,3,2
436158,2024-01-30 20:15:00+00:00,Aston Villa FC,Newcastle United FC,1590.61664251019,1486.1807610012054,104.43588150898472,21.0,13.0,4.0,4.0,43.0,27.0,21.0,9.0,2.0,10.0,41.0,32.0,1,3
436161,2024-01-31 19:30:00+00:00,Manchester City FC,Burnley FC,1587.501908501341,1382.796498603883,204.7054098974579,20.0,13.0,4.0,3.0,48.0,23.0,21.0,3.0,3.0,15.0,21.0,42.0,3,1
436159,2024-01-31 19:30:00+00:00,Tottenham Hotspur FC,Brentford FC,1567.0413313776478,1426.0542439336095,140.98708744403825,21.0,12.0,4.0,5.0,44.0,31.0,20.0,6.0,4.0,10.0,29.0,33.0,3,2
436162,2024-01-31 20:15:00+00:00,Liverpool FC,Chelsea FC,1621.916297768752,1504.9029721388272,117.0133256299248,21.0,14.0,6.0,1.0,47.0,18.0,21.0,9.0,4.0,8.0,35.0,31.0,4,1
436154,2024-02-01 19:30:00+00:00,West Ham United FC,AFC Bournemouth,1549.503794260744,1509.7373746189332,39.76641964181067,21.0,10.0,5.0,6.0,35.0,32.0,20.0,7.0,4.0,9.0,28.0,39.0,1,1
436160,2024-02-01 20:15:00+00:00,Wolverhampton Wanderers FC,Manchester United FC,1510.721051296083,1508.348489014432,2.3725622816509713,21.0,8.0,5.0,8.0,30.0,31.0,21.0,10.0,2.0,9.0,24.0,29.0,3,4
436169,2024-02-03 12:30:00+00:00,Everton FC,Tottenham Hotspur FC,1491.6494484150414,1564.5311904070754,-72.881741992034,22.0,8.0,4.0,10.0,24.0,28.0,22.0,13.0,4.0,5.0,47.0,33.0,2,2
436166,2024-02-03 15:00:00+00:00,Brighton & Hove Albion FC,Crystal Palace FC,1523.8588676612092,1441.6647105255454,82.19415713566377,22.0,8.0,8.0,6.0,38.0,37.0,22.0,6.0,6.0,10.0,25.0,36.0,4,1
436167,2024-02-03 15:00:00+00:00,Burnley FC,Fulham FC,1384.7977323261694,1458.154562660706,-73.35683033453665,22.0,3.0,3.0,16.0,22.0,45.0,22.0,7.0,4.0,11.0,28.0,36.0,2,2
436171,2024-02-03 15:00:00+00:00,Newcastle United FC,Luton Town FC,1475.4352173608206,1427.426585981551,48.00863137926967,22.0,10.0,2.0,10.0,44.0,33.0,21.0,5.0,4.0,12.0,28.0,38.0,4,4
436172,2024-02-03 17:30:00+00:00,Sheffield United FC,Aston Villa FC,1380.4553210461352,1586.2837491494672,-205.82842810333204,22.0,2.0,4.0,16.0,19.0,54.0,22.0,13.0,4.0,5.0,44.0,30.0,0,5
436170,2024-02-04 14:00:00+00:00,Manchester United FC,West Ham United FC,1510.8586299850044,1542.4927756777577,-31.634145692753236,22.0,11.0,2.0,9.0,28.0,32.0,22.0,10.0,6.0,6.0,36.0,33.0,3,0
436168,2024-02-04 14:00:00+00:00,Chelsea FC,Wolverhampton Wanderers FC,1518.4749689121347,1511.313527266478,7.161441645656623,22.0,9.0,4.0,9.0,36.0,35.0,22.0,8.0,5.0,9.0,33.0,35.0,2,4
436163,2024-02-04 14:00:00+00:00,AFC Bournemouth,Nottingham Forest FC,1499.4189631828322,1436.536395558547,62.88256762428523,21.0,7.0,5.0,9.0,29.0,40.0,22.0,5.0,5.0,12.0,27.0,40.0,1,1
436164,2024-02-04 16:30:00+00:00,Arsenal FC,Liverpool FC,1573.9635025135428,1632.234709204853,-58.271206691310226,22.0,14.0,4.0,4.0,44.0,21.0,22.0,15.0,6.0,1.0,51.0,19.0,3,1
436165,2024-02-05 20:00:00+00:00,Brentford FC,Manchester City FC,1442.2016900234037,1598.2474521417255,-156.04576211832182,21.0,6.0,4.0,11.0,31.0,36.0,21.0,14.0,4.0,3.0,51.0,24.0,1,3
436178,2024-02-10 12:30:00+00:00,Manchester City FC,Everton FC,1605.039642561399,1490.2078214078454,114.83182115355362,22.0,15.0,4.0,3.0,54.0,25.0,23.0,8.0,5.0,10.0,26.0,30.0,2,0
436175,2024-02-10 15:00:00+00:00,Fulham FC,AFC Bournemouth,1459.596189667902,1501.2691396926746,-41.67295002477249,23.0,7.0,5.0,11.0,30.0,38.0,22.0,7.0,6.0,9.0,30.0,41.0,3,1
436176,2024-02-10 15:00:00+00:00,Liverpool FC,Burnley FC,1642.491607233318,1378.005541906496,264.486065326822,23.0,15.0,6.0,2.0,52.0,22.0,23.0,3.0,4.0,16.0,24.0,47.0,3,1
436177,2024-02-10 15:00:00+00:00,Luton Town FC,Sheffield United FC,1446.4861879516943,1368.070937861738,78.41525008995632,22.0,5.0,5.0,12.0,32.0,42.0,23.0,2.0,4.0,17.0,19.0,59.0,1,3
436180,2024-02-10 15:00:00+00:00,Tottenham Hotspur FC,Brighton & Hove Albion FC,1574.457739415322,1504.7992656910656,69.65847372425651,23.0,13.0,5.0,5.0,49.0,35.0,23.0,9.0,8.0,6.0,42.0,38.0,2,1
436182,2024-02-10 15:00:00+00:00,Wolverhampton Wanderers FC,Brentford FC,1496.2938877833412,1432.275141015157,64.0187467681842,23.0,9.0,5.0,9.0,37.0,37.0,22.0,6.0,4.0,12.0,32.0,39.0,0,2
436179,2024-02-10 17:30:00+00:00,Nottingham Forest FC,Newcastle United FC,1427.1783812442889,1495.0649015381723,-67.88652029388345,23.0,5.0,6.0,12.0,28.0,41.0,23.0,10.0,3.0,10.0,48.0,37.0,2,3
436181,2024-02-11 14:00:00+00:00,West Ham United FC,Arsenal FC,1540.6425991679153,1583.321516827801,-42.678917659885656,23.0,10.0,6.0,7.0,36.0,36.0,23.0,15.0,4.0,4.0,47.0,22.0,0,6
436173,2024-02-11 16:30:00+00:00,Aston Villa FC,Manchester United FC,1566.6540649721155,1525.8782694681413,40.77579550397422,23.0,14.0,4.0,5.0,49.0,30.0,23.0,12.0,2.0,9.0,31.0,32.0,1,2
436174,2024-02-12 20:00:00+00:00,Crystal Palace FC,Chelsea FC,1454.0490937099426,1508.2180708836695,-54.168977173726944,23.0,6.0,6.0,11.0,26.0,40.0,23.0,9.0,4.0,10.0,38.0,39.0,1,3
436183,2024-02-17 12:30:00+00:00,Brentford FC,Liverpool FC,1424.174489619636,1624.9614434223422,-200.7869538027062,23.0,7.0,4.0,12.0,34.0,39.0,24.0,16.0,6.0,2.0,55.0,23.0,1,4
436184,2024-02-17 15:00:00+00:00,Burnley FC,Arsenal FC,1381.4647363302204,1600.8516806387768,-219.3869443085564,24.0,3.0,4.0,17.0,25.0,50.0,24.0,16.0,4.0,4.0,53.0,22.0,0,5
436186,2024-02-17 15:00:00+00:00,Fulham FC,Aston Villa FC,1456.1369952441778,1573.906414524325,-117.7694192801473,24.0,8.0,5.0,11.0,33.0,39.0,24.0,14.0,4.0,6.0,50.0,32.0,1,2
436189,2024-02-17 15:00:00+00:00,Newcastle United FC,AFC Bournemouth,1492.9811512174667,1498.1180069936268,-5.136855776160019,24.0,11.0,3.0,10.0,51.0,39.0,23.0,7.0,6.0,10.0,31.0,44.0,2,2
436190,2024-02-17 15:00:00+00:00,Nottingham Forest FC,West Ham United FC,1430.329513943337,1525.005555235229,-94.67604129189203,24.0,5.0,6.0,13.0,30.0,44.0,24.0,10.0,6.0,8.0,36.0,42.0,2,0
436192,2024-02-17 15:00:00+00:00,Tottenham Hotspur FC,Wolverhampton Wanderers FC,1570.8900345782,1511.8084941147313,59.08154046346863,24.0,14.0,5.0,5.0,51.0,36.0,24.0,9.0,5.0,10.0,37.0,39.0,1,2
436188,2024-02-17 17:30:00+00:00,Manchester City FC,Chelsea FC,1613.14029395692,1492.7034645522797,120.43682940464032,23.0,16.0,4.0,3.0,56.0,25.0,24.0,10.0,4.0,10.0,41.0,40.0,1,1
436191,2024-02-18 14:00:00+00:00,Sheffield United FC,Brighton & Hove Albion FC,1360.8185883095284,1517.623656087309,-156.80506777778055,24.0,3.0,4.0,17.0,22.0,60.0,24.0,9.0,8.0,7.0,43.0,40.0,0,5
436187,2024-02-18 16:30:00+00:00,Luton Town FC,Manchester United FC,1448.5699382724,1541.5153134008276,-92.94537512842771,23.0,5.0,5.0,13.0,33.0,45.0,24.0,13.0,2.0,9.0,33.0,33.0,1,2
436185,2024-02-19 20:00:00+00:00,Everton FC,Crystal Palace FC,1493.7755262449673,1441.2247033136991,52.55082293126816,24.0,8.0,5.0,11.0,26.0,32.0,24.0,6.0,6.0,12.0,27.0,43.0,1,1
436118,2024-02-20 19:30:00+00:00,Manchester City FC,Brentford FC,1623.180523212081,1442.8797090827795,180.30081412930144,24.0,16.0,5.0,3.0,57.0,26.0,24.0,7.0,4.0,13.0,35.0,43.0,1,0
436199,2024-02-21 19:30:00+00:00,Liverpool FC,Luton Town FC,1630.8879344390357,1429.8599621162812,201.02797232275452,25.0,17.0,6.0,2.0,59.0,24.0,24.0,5.0,5.0,14.0,34.0,47.0,4,1
436195,2024-02-24 15:00:00+00:00,Aston Villa FC,Nottingham Forest FC,1557.5120158174975,1418.0054602718585,139.506555545639,25.0,15.0,4.0,6.0,52.0,33.0,25.0,6.0,6.0,13.0,32.0,44.0,4,2
436196,2024-02-24 15:00:00+00:00,Brighton & Hove Albion FC,Everton FC,1504.9055003135595,1483.7352969898063,21.170203323753185,25.0,10.0,8.0,7.0,48.0,40.0,25.0,8.0,6.0,11.0,27.0,33.0,1,1
436198,2024-02-24 15:00:00+00:00,Crystal Palace FC,Burnley FC,1428.4310975083467,1375.538245313527,52.892852194819625,25.0,6.0,7.0,12.0,28.0,44.0,25.0,3.0,4.0,18.0,25.0,55.0,3,0
436200,2024-02-24 15:00:00+00:00,Manchester United FC,Fulham FC,1557.9097121076552,1472.9406916712617,84.96902043639352,25.0,14.0,2.0,9.0,35.0,34.0,25.0,8.0,5.0,12.0,34.0,41.0,1,2
436193,2024-02-24 17:30:00+00:00,AFC Bournemouth,Manchester City FC,1481.3143105665429,1618.2855076814003,-136.97119711485743,24.0,7.0,7.0,10.0,33.0,46.0,25.0,17.0,5.0,3.0,58.0,26.0,0,1
436194,2024-02-24 20:00:00+00:00,Arsenal FC,Newcastle United FC,1612.6281846116738,1505.305204888945,107.32297972272886,25.0,17.0,4.0,4.0,58.0,22.0,25.0,11.0,4.0,10.0,53.0,41.0,4,1
436202,2024-02-25 13:30:00+00:00,Wolverhampton Wanderers FC,Sheffield United FC,1493.1032746515878,1379.5285644656474,113.57471018594038,25.0,10.0,5.0,10.0,39.0,40.0,25.0,3.0,4.0,18.0,22.0,65.0,1,0
436201,2024-02-26 20:00:00+00:00,West Ham United FC,Brentford FC,1513.229051262332,1435.2873652394023,77.94168602292962,25.0,10.0,6.0,9.0,36.0,44.0,25.0,7.0,4.0,14.0,35.0,44.0,4,2
436212,2024-03-02 15:00:00+00:00,Tottenham Hotspur FC,Crystal Palace FC,1583.6081903519496,1430.7988079651304,152.80938238681915,25.0,14.0,5.0,6.0,52.0,38.0,26.0,7.0,7.0,12.0,31.0,44.0,3,1
436209,2024-03-02 15:00:00+00:00,Newcastle United FC,Wolverhampton Wanderers FC,1504.27107780163,1511.9246388158497,-7.6535610142195765,26.0,11.0,4.0,11.0,54.0,45.0,26.0,11.0,5.0,10.0,40.0,40.0,3,0
436210,2024-03-02 15:00:00+00:00,Nottingham Forest FC,Liverpool FC,1437.0166557168602,1638.4802782824129,-201.46362256555267,26.0,6.0,6.0,14.0,34.0,48.0,26.0,18.0,6.0,2.0,63.0,25.0,0,1
436205,2024-03-02 15:00:00+00:00,Everton FC,West Ham United FC,1481.3675865330226,1494.2178558173302,-12.850269284307615,26.0,8.0,7.0,11.0,28.0,34.0,26.0,11.0,6.0,9.0,40.0,46.0,1,3
436206,2024-03-02 15:00:00+00:00,Fulham FC,Brighton & Hove Albion FC,1461.521484849106,1514.715879939981,-53.194395090875105,26.0,9.0,5.0,12.0,36.0,42.0,26.0,10.0,9.0,7.0,49.0,41.0,3,0
436203,2024-03-02 15:00:00+00:00,Brentford FC,Chelsea FC,1427.5303094299288,1505.497070357632,-77.96676092770326,26.0,7.0,4.0,15.0,37.0,48.0,25.0,10.0,5.0,10.0,42.0,41.0,2,2
436207,2024-03-02 17:30:00+00:00,Luton Town FC,Aston Villa FC,1420.1508929418844,1568.9312226396532,-148.78032969776882,25.0,5.0,5.0,15.0,35.0,51.0,26.0,16.0,4.0,6.0,56.0,35.0,2,3
436204,2024-03-03 13:00:00+00:00,Burnley FC,AFC Bournemouth,1369.434403877129,1482.348437653858,-112.91403377672896,26.0,3.0,4.0,19.0,25.0,58.0,25.0,7.0,7.0,11.0,33.0,47.0,0,2
436208,2024-03-03 15:30:00+00:00,Manchester City FC,Manchester United FC,1626.042563490874,1567.618781282052,58.423782208822104,26.0,18.0,5.0,3.0,59.0,26.0,26.0,14.0,2.0,10.0,36.0,36.0,3,1
436211,2024-03-04 20:00:00+00:00,Sheffield United FC,Arsenal FC,1369.7181848392258,1618.732026048072,-249.0138412088461,26.0,3.0,4.0,19.0,22.0,66.0,26.0,18.0,4.0,4.0,62.0,23.0,0,6
436220,2024-03-09 12:30:00+00:00,Manchester United FC,Everton FC,1548.1754585350543,1482.8029428449497,65.37251569010459,27.0,14.0,2.0,11.0,37.0,39.0,27.0,8.0,7.0,12.0,29.0,37.0,2,0
436213,2024-03-09 15:00:00+00:00,AFC Bournemouth,Sheffield United FC,1473.2211231605982,1360.5363963868897,112.68472677370846,26.0,8.0,7.0,11.0,35.0,47.0,27.0,3.0,4.0,20.0,22.0,72.0,2,2
436218,2024-03-09 15:00:00+00:00,Crystal Palace FC,Luton Town FC,1443.176702631872,1413.5051612682987,29.671541363573397,27.0,7.0,7.0,13.0,32.0,47.0,26.0,5.0,5.0,16.0,37.0,54.0,1,1
436222,2024-03-09 15:00:00+00:00,Wolverhampton Wanderers FC,Fulham FC,1521.1064272681858,1480.9648075961036,40.14161967208224,27.0,11.0,5.0,11.0,40.0,43.0,27.0,10.0,5.0,12.0,39.0,42.0,2,1
436214,2024-03-09 17:30:00+00:00,Arsenal FC,Brentford FC,1628.961694866404,1415.3745981620375,213.58709670436656,27.0,19.0,4.0,4.0,68.0,23.0,27.0,7.0,5.0,15.0,39.0,50.0,2,1
436215,2024-03-10 13:00:00+00:00,Aston Villa FC,Tottenham Hotspur FC,1578.494771244057,1564.7868261876877,13.707945056369226,27.0,17.0,4.0,6.0,59.0,37.0,26.0,15.0,5.0,6.0,55.0,39.0,0,4
436216,2024-03-10 14:00:00+00:00,Brighton & Hove Albion FC,Nottingham Forest FC,1513.2805236280542,1427.4531071124568,85.8274165155974,27.0,10.0,9.0,8.0,49.0,44.0,27.0,6.0,6.0,15.0,34.0,49.0,1,0
436221,2024-03-10 14:00:00+00:00,West Ham United FC,Burnley FC,1506.3735670852216,1357.0565092103875,149.31705787483406,27.0,12.0,6.0,9.0,43.0,47.0,27.0,3.0,4.0,20.0,25.0,60.0,2,2
436219,2024-03-10 15:45:00+00:00,Liverpool FC,Manchester City FC,1645.1260099559984,1635.1698779841338,9.956131971864579,27.0,19.0,6.0,2.0,64.0,25.0,27.0,19.0,5.0,3.0,62.0,27.0,1,1
436217,2024-03-11 20:00:00+00:00,Chelsea FC,Newcastle United FC,1510.3920858883123,1494.0414089832975,16.35067690501478,26.0,10.0,6.0,10.0,44.0,43.0,27.0,12.0,4.0,11.0,57.0,45.0,3,2
436103,2024-03-13 19:30:00+00:00,AFC Bournemouth,Luton Town FC,1483.3847813091031,1405.137147683207,78.24763362589601,27.0,8.0,8.0,11.0,37.0,49.0,27.0,5.0,6.0,16.0,38.0,55.0,4,3
436225,2024-03-16 15:00:00+00:00,Burnley FC,Brentford FC,1346.8928510618823,1419.3775304113776,-72.48467934949531,28.0,3.0,5.0,20.0,27.0,62.0,28.0,7.0,5.0,16.0,40.0,52.0,2,1
436229,2024-03-16 15:00:00+00:00,Luton Town FC,Nottingham Forest FC,1406.3470611372757,1420.7878039700026,-14.440742832726983,28.0,5.0,6.0,17.0,41.0,59.0,28.0,6.0,6.0,16.0,34.0,50.0,1,1
436228,2024-03-16 17:30:00+00:00,Fulham FC,Tottenham Hotspur FC,1497.3559797269616,1574.740899405086,-77.38491967812456,28.0,10.0,5.0,13.0,40.0,44.0,27.0,16.0,5.0,6.0,59.0,39.0,3,0
436231,2024-03-17 14:00:00+00:00,West Ham United FC,Aston Villa FC,1520.3574997727756,1586.862784829148,-66.50528505637249,28.0,12.0,7.0,9.0,45.0,49.0,28.0,17.0,4.0,7.0,59.0,41.0,1,1
436239,2024-03-30 12:30:00+00:00,Newcastle United FC,West Ham United FC,1510.207541885101,1513.4343404789122,-3.2267985938112815,28.0,12.0,4.0,12.0,59.0,48.0,29.0,12.0,8.0,9.0,46.0,50.0,4,3
436242,2024-03-30 15:00:00+00:00,Tottenham Hotspur FC,Luton Town FC,1590.2640310184906,1394.4012139032102,195.86281711528045,28.0,16.0,5.0,7.0,59.0,42.0,29.0,5.0,7.0,17.0,42.0,60.0,2,1
436241,2024-03-30 15:00:00+00:00,Sheffield United FC,Fulham FC,1355.2628918790338,1482.6833689100615,-127.42047703102776,28.0,3.0,5.0,20.0,24.0,74.0,29.0,11.0,5.0,13.0,43.0,44.0,3,3
436236,2024-03-30 15:00:00+00:00,Chelsea FC,Burnley FC,1506.3891536389724,1353.816010355746,152.5731432832265,27.0,11.0,6.0,10.0,47.0,45.0,29.0,4.0,5.0,20.0,29.0,63.0,2,2
436233,2024-03-30 15:00:00+00:00,AFC Bournemouth,Everton FC,1478.091123673017,1468.8190101573955,9.272113515621413,28.0,9.0,8.0,11.0,41.0,52.0,28.0,8.0,7.0,13.0,29.0,39.0,2,1
436240,2024-03-30 15:00:00+00:00,Nottingham Forest FC,Crystal Palace FC,1409.0218165242693,1433.2226294144734,-24.200812890204134,29.0,6.0,7.0,16.0,35.0,51.0,28.0,7.0,8.0,13.0,33.0,48.0,1,1
436234,2024-03-30 17:30:00+00:00,Aston Villa FC,Wolverhampton Wanderers FC,1571.3396532157435,1504.940294366383,66.39935884936062,29.0,17.0,5.0,7.0,60.0,42.0,28.0,12.0,5.0,11.0,42.0,44.0,2,0
436235,2024-03-30 20:00:00+00:00,Brentford FC,Manchester United FC,1412.6278313971748,1536.8547379734428,-124.226906576268,29.0,7.0,5.0,17.0,41.0,54.0,28.0,15.0,2.0,11.0,39.0,39.0,1,1
436237,2024-03-31 13:00:00+00:00,Liverpool FC,Brighton & Hove Albion FC,1651.7913130984523,1496.8893514971962,154.90196160125606,28.0,19.0,7.0,2.0,65.0,26.0,28.0,11.0,9.0,8.0,50.0,44.0,2,1
436238,2024-03-31 15:30:00+00:00,Manchester City FC,Arsenal FC,1646.4905985457451,1634.23519937426,12.255399171485124,28.0,19.0,6.0,3.0,63.0,28.0,28.0,20.0,4.0,4.0,70.0,24.0,0,0
436247,2024-04-02 18:30:00+00:00,Nottingham Forest FC,Fulham FC,1408.3909667047392,1502.1850400438148,-93.79407333907557,30.0,6.0,8.0,16.0,36.0,52.0,30.0,11.0,6.0,13.0,46.0,47.0,3,1
436250,2024-04-02 18:30:00+00:00,Newcastle United FC,Everton FC,1495.0426954497404,1456.7193702105913,38.3233252391492,29.0,13.0,4.0,12.0,63.0,51.0,29.0,8.0,7.0,14.0,30.0,41.0,1,1
436246,2024-04-02 18:45:00+00:00,Burnley FC,Wolverhampton Wanderers FC,1371.3311439158017,1519.6129051832827,-148.281761267481,30.0,4.0,6.0,20.0,31.0,65.0,29.0,12.0,5.0,12.0,42.0,46.0,1,1
436243,2024-04-02 18:45:00+00:00,AFC Bournemouth,Crystal Palace FC,1490.0369709070822,1432.012715960405,58.02425494667705,29.0,10.0,8.0,11.0,43.0,53.0,29.0,7.0,9.0,13.0,34.0,49.0,1,0
436248,2024-04-02 19:15:00+00:00,West Ham United FC,Tottenham Hotspur FC,1515.9114207114912,1570.7623598847374,-54.85093917324616,30.0,12.0,8.0,10.0,49.0,54.0,29.0,17.0,5.0,7.0,61.0,43.0,1,1
436244,2024-04-03 18:30:00+00:00,Arsenal FC,Luton Town FC,1640.9848983884629,1395.0320637227403,245.95283466572255,29.0,20.0,5.0,4.0,70.0,24.0,30.0,5.0,7.0,18.0,43.0,62.0,2,0
436245,2024-04-03 18:30:00+00:00,Brentford FC,Brighton & Hove Albion FC,1395.112697837119,1508.6553389429296,-113.54264110581062,30.0,7.0,6.0,17.0,42.0,55.0,29.0,11.0,9.0,9.0,51.0,46.0,0,0
436252,2024-04-03 19:15:00+00:00,Manchester City FC,Aston Villa FC,1646.7194310345212,1568.8625729831645,77.85685805135677,29.0,19.0,7.0,3.0,63.0,28.0,30.0,18.0,5.0,7.0,62.0,42.0,4,1
436251,2024-04-04 18:30:00+00:00,Liverpool FC,Sheffield United FC,1651.5624806096766,1360.5565495151202,291.00593109455644,29.0,20.0,7.0,2.0,67.0,27.0,29.0,3.0,6.0,20.0,27.0,77.0,3,1
436249,2024-04-04 19:15:00+00:00,Chelsea FC,Manchester United FC,1521.5540000743329,1548.954377920247,-27.400377845914136,28.0,11.0,7.0,10.0,49.0,47.0,29.0,15.0,3.0,11.0,40.0,40.0,4,3
436255,2024-04-06 11:30:00+00:00,Crystal Palace FC,Manchester City FC,1430.9944515532784,1646.471873838406,-215.47742228512766,30.0,7.0,9.0,14.0,34.0,50.0,30.0,20.0,7.0,3.0,67.0,29.0,2,4
436258,2024-04-06 14:00:00+00:00,Luton Town FC,AFC Bournemouth,1387.0319697920495,1503.6029275834958,-116.57095779144629,31.0,5.0,7.0,19.0,43.0,64.0,30.0,11.0,8.0,11.0,44.0,53.0,2,1
436257,2024-04-06 14:00:00+00:00,Fulham FC,Newcastle United FC,1496.3880406823876,1510.9425887905677,-14.554548108180143,31.0,11.0,6.0,14.0,47.0,50.0,30.0,13.0,5.0,12.0,64.0,52.0,0,1
436262,2024-04-06 14:00:00+00:00,Wolverhampton Wanderers FC,West Ham United FC,1506.7250562626764,1500.0115273706642,6.713528892012164,30.0,12.0,6.0,12.0,43.0,47.0,31.0,12.0,9.0,10.0,50.0,55.0,1,2
436253,2024-04-06 14:00:00+00:00,Aston Villa FC,Brentford FC,1581.7504219037708,1401.3520379626098,180.398383941161,31.0,18.0,5.0,8.0,63.0,46.0,31.0,7.0,7.0,17.0,42.0,55.0,3,3
436256,2024-04-06 14:00:00+00:00,Everton FC,Burnley FC,1443.1534135341776,1377.4407214114306,65.71269212274706,30.0,8.0,8.0,14.0,31.0,42.0,31.0,4.0,7.0,20.0,32.0,66.0,1,0
436254,2024-04-06 16:30:00+00:00,Brighton & Hove Albion FC,Arsenal FC,1499.4992301610143,1641.232455584578,-141.73322542356368,30.0,11.0,10.0,9.0,51.0,46.0,30.0,21.0,5.0,4.0,72.0,24.0,0,3
436259,2024-04-07 14:30:00+00:00,Manchester United FC,Liverpool FC,1542.7150377947562,1660.718589391592,-118.0035515968359,30.0,15.0,3.0,12.0,43.0,44.0,30.0,21.0,7.0,2.0,70.0,28.0,2,2
436260,2024-04-07 16:30:00+00:00,Sheffield United FC,Chelsea FC,1366.3535488765474,1515.444422578704,-149.0908737021566,30.0,3.0,6.0,21.0,28.0,80.0,29.0,12.0,7.0,10.0,53.0,50.0,2,2
436261,2024-04-07 17:00:00+00:00,Tottenham Hotspur FC,Nottingham Forest FC,1578.762453815428,1409.409231111866,169.3532227035621,30.0,17.0,6.0,7.0,62.0,44.0,31.0,7.0,8.0,16.0,39.0,53.0,3,1
436270,2024-04-13 11:30:00+00:00,Newcastle United FC,Tottenham Hotspur FC,1508.0524767038012,1575.4195564453407,-67.36707974153956,31.0,14.0,5.0,12.0,65.0,52.0,31.0,18.0,6.0,7.0,65.0,45.0,4,0
436265,2024-04-13 14:00:00+00:00,Brentford FC,Sheffield United FC,1405.4801634373723,1361.6980054471007,43.78215799027157,32.0,7.0,8.0,17.0,45.0,58.0,31.0,3.0,7.0,21.0,30.0,82.0,2,0
436266,2024-04-13 14:00:00+00:00,Burnley FC,Brighton & Hove Albion FC,1382.7782633130091,1495.3711046862516,-112.59284137324244,32.0,4.0,7.0,21.0,32.0,67.0,31.0,11.0,10.0,10.0,51.0,49.0,1,1
436269,2024-04-13 14:00:00+00:00,Manchester City FC,Luton Town FC,1658.7095032418565,1381.3930562210714,277.31644702078506,31.0,21.0,7.0,3.0,71.0,31.0,32.0,6.0,7.0,19.0,45.0,65.0,5,1
436271,2024-04-13 14:00:00+00:00,Nottingham Forest FC,Wolverhampton Wanderers FC,1428.0878771577168,1501.3875143610978,-73.29963720338105,32.0,7.0,8.0,17.0,40.0,56.0,31.0,12.0,6.0,13.0,44.0,49.0,2,2
436263,2024-04-13 16:30:00+00:00,AFC Bournemouth,Manchester United FC,1515.5130204413022,1526.5400826140185,-11.027062172716342,31.0,11.0,8.0,12.0,45.0,55.0,31.0,15.0,4.0,12.0,45.0,46.0,2,2
436268,2024-04-14 13:00:00+00:00,Liverpool FC,Crystal Palace FC,1665.3741328210383,1419.084358695472,246.28977412556628,31.0,21.0,8.0,2.0,72.0,30.0,31.0,7.0,9.0,15.0,36.0,54.0,0,1
436272,2024-04-14 13:00:00+00:00,West Ham United FC,Fulham FC,1503.3544247407517,1477.709394636537,25.64503010421481,32.0,13.0,9.0,10.0,52.0,56.0,32.0,11.0,6.0,15.0,47.0,51.0,0,2
436264,2024-04-14 15:30:00+00:00,Arsenal FC,Aston Villa FC,1646.8713691555563,1569.5127925003203,77.35857665523599,31.0,22.0,5.0,4.0,75.0,24.0,32.0,18.0,6.0,8.0,66.0,49.0,0,2
436267,2024-04-15 19:00:00+00:00,Chelsea FC,Everton FC,1531.6193777594417,1446.043525620944,85.5758521384978,30.0,12.0,8.0,10.0,55.0,52.0,31.0,9.0,8.0,14.0,32.0,42.0,6,0
436278,2024-04-20 14:00:00+00:00,Luton Town FC,Brentford FC,1401.9120243519153,1412.0788697532798,-10.166845401364526,33.0,6.0,7.0,20.0,46.0,70.0,33.0,8.0,8.0,17.0,47.0,58.0,1,5
436280,2024-04-20 14:00:00+00:00,Sheffield United FC,Burnley FC,1368.5002113489134,1370.4798507326132,-1.979639383699805,32.0,3.0,7.0,22.0,30.0,84.0,33.0,4.0,8.0,21.0,33.0,68.0,1,4
436282,2024-04-20 18:30:00+00:00,Wolverhampton Wanderers FC,Arsenal FC,1486.4724318011538,1655.7158597731652,-169.24342797201143,32.0,12.0,7.0,13.0,46.0,51.0,32.0,22.0,5.0,5.0,75.0,26.0,0,2
436276,2024-04-21 12:30:00+00:00,Everton FC,Nottingham Forest FC,1458.34193820134,1419.0929885306032,39.24894967073692,32.0,9.0,8.0,15.0,32.0,48.0,33.0,7.0,9.0,17.0,42.0,58.0,2,0
436273,2024-04-21 14:00:00+00:00,Aston Villa FC,AFC Bournemouth,1562.9140861844132,1494.9940523104583,67.92003387395494,33.0,19.0,6.0,8.0,68.0,49.0,32.0,11.0,9.0,12.0,47.0,57.0,3,1
436275,2024-04-21 14:00:00+00:00,Crystal Palace FC,West Ham United FC,1413.051164599508,1518.2695073006955,-105.21834270118757,32.0,8.0,9.0,15.0,37.0,54.0,33.0,13.0,9.0,11.0,52.0,58.0,5,2
436277,2024-04-21 15:30:00+00:00,Fulham FC,Liverpool FC,1464.016090296631,1659.6800777035548,-195.66398740692375,33.0,12.0,6.0,15.0,49.0,51.0,32.0,21.0,8.0,3.0,72.0,31.0,1,3
436223,2024-04-23 19:00:00+00:00,Arsenal FC,Chelsea FC,1636.8019253782777,1524.817171857629,111.98475352064861,33.0,23.0,5.0,5.0,77.0,26.0,31.0,13.0,8.0,10.0,61.0,52.0,5,0
436232,2024-04-24 18:45:00+00:00,Wolverhampton Wanderers FC,AFC Bournemouth,1483.5993564344349,1496.595707062512,-12.996350628077153,33.0,12.0,7.0,14.0,46.0,53.0,33.0,11.0,9.0,13.0,48.0,60.0,0,1
436226,2024-04-24 19:00:00+00:00,Crystal Palace FC,Newcastle United FC,1437.2099537771064,1521.7457810437063,-84.53582726659988,33.0,9.0,9.0,15.0,42.0,56.0,32.0,15.0,5.0,12.0,69.0,52.0,2,0
436227,2024-04-24 19:00:00+00:00,Everton FC,Liverpool FC,1446.1773892107758,1635.5212885259564,-189.34389931518058,33.0,10.0,8.0,15.0,34.0,48.0,33.0,22.0,8.0,3.0,75.0,32.0,2,0
436230,2024-04-24 19:00:00+00:00,Manchester United FC,Sheffield United FC,1532.2341377315022,1355.3718483434172,176.86228938808495,32.0,15.0,5.0,12.0,47.0,48.0,33.0,3.0,7.0,23.0,31.0,88.0,4,2
436224,2024-04-25 19:00:00+00:00,Brighton & Hove Albion FC,Manchester City FC,1486.5266140686426,1664.7426973378203,-178.21608326917772,32.0,11.0,11.0,10.0,52.0,50.0,32.0,22.0,7.0,3.0,76.0,32.0,0,4
436291,2024-04-27 11:30:00+00:00,West Ham United FC,Liverpool FC,1500.9460534351308,1644.26981181882,-143.3237583836892,34.0,13.0,9.0,12.0,54.0,63.0,34.0,22.0,8.0,4.0,75.0,34.0,2,2
436286,2024-04-27 14:00:00+00:00,Fulham FC,Crystal Palace FC,1481.339544162196,1454.9312046761545,26.40833948604154,34.0,12.0,6.0,16.0,50.0,54.0,34.0,10.0,9.0,15.0,44.0,56.0,1,1
436287,2024-04-27 14:00:00+00:00,Manchester United FC,Burnley FC,1530.6324829794485,1375.311632998131,155.32084998131745,33.0,16.0,5.0,12.0,51.0,50.0,34.0,5.0,8.0,21.0,37.0,69.0,1,1
436288,2024-04-27 14:00:00+00:00,Newcastle United FC,Sheffield United FC,1539.422439075198,1341.231774124569,198.19066495062907,33.0,15.0,5.0,13.0,69.0,54.0,34.0,3.0,7.0,24.0,33.0,92.0,5,1
436292,2024-04-27 14:00:00+00:00,Wolverhampton Wanderers FC,Luton Town FC,1474.8158605297288,1396.4970747343225,78.31878579540626,34.0,12.0,7.0,15.0,46.0,54.0,34.0,6.0,7.0,21.0,47.0,75.0,2,1
436285,2024-04-27 16:30:00+00:00,Everton FC,Brentford FC,1460.1337910010636,1425.207232758776,34.92655824228768,34.0,11.0,8.0,15.0,36.0,48.0,34.0,9.0,8.0,17.0,52.0,59.0,1,0
436284,2024-04-27 19:00:00+00:00,Aston Villa FC,Chelsea FC,1581.828020579301,1536.9817208481932,44.84629973110782,34.0,20.0,6.0,8.0,71.0,50.0,32.0,13.0,8.0,11.0,61.0,57.0,2,2
436283,2024-04-28 13:00:00+00:00,AFC Bournemouth,Brighton & Hove Albion FC,1485.2033989463812,1481.6948318031248,3.508567143256414,34.0,12.0,9.0,13.0,49.0,60.0,33.0,11.0,11.0,11.0,52.0,54.0,3,0
436290,2024-04-28 13:00:00+00:00,Tottenham Hotspur FC,Arsenal FC,1584.4144450724543,1645.5854212829836,-61.17097621052926,32.0,18.0,6.0,8.0,65.0,49.0,34.0,24.0,5.0,5.0,82.0,26.0,2,3
436289,2024-04-28 15:30:00+00:00,Nottingham Forest FC,Manchester City FC,1421.966063897322,1670.1576469554132,-248.19158305809106,34.0,7.0,9.0,18.0,42.0,60.0,33.0,23.0,7.0,3.0,80.0,32.0,0,2
436197,2024-05-02 18:30:00+00:00,Chelsea FC,Tottenham Hotspur FC,1526.5235464134782,1566.737787040963,-40.21424062748474,33.0,13.0,9.0,11.0,63.0,59.0,33.0,18.0,6.0,9.0,67.0,52.0,2,0
436300,2024-05-03 19:00:00+00:00,Luton Town FC,Everton FC,1382.7337782497364,1482.414347645459,-99.68056939572261,35.0,6.0,7.0,22.0,48.0,77.0,35.0,12.0,8.0,15.0,37.0,48.0,1,1
436293,2024-05-04 11:30:00+00:00,Arsenal FC,AFC Bournemouth,1656.0435957176985,1499.7550664394637,156.28852927823482,35.0,25.0,5.0,5.0,85.0,28.0,35.0,13.0,9.0,13.0,52.0,60.0,3,0
436294,2024-05-04 14:00:00+00:00,Brentford FC,Fulham FC,1438.970529243362,1472.5910208693324,-33.62049162597032,35.0,9.0,8.0,18.0,52.0,60.0,35.0,12.0,7.0,16.0,51.0,55.0,0,0
436296,2024-05-04 14:00:00+00:00,Burnley FC,Newcastle United FC,1389.4517072169792,1520.8449067820698,-131.39319956509053,35.0,5.0,9.0,21.0,38.0,70.0,34.0,16.0,5.0,13.0,74.0,55.0,1,4
436302,2024-05-04 14:00:00+00:00,Sheffield United FC,Nottingham Forest FC,1333.6847968299892,1408.0096621070345,-74.32486527704532,35.0,3.0,7.0,25.0,34.0,97.0,35.0,7.0,9.0,19.0,42.0,62.0,1,3
436301,2024-05-04 16:30:00+00:00,Manchester City FC,Wolverhampton Wanderers FC,1677.7351606452223,1460.2641930366462,217.47096760857607,34.0,24.0,7.0,3.0,82.0,32.0,35.0,13.0,7.0,15.0,48.0,55.0,5,1
436295,2024-05-05 13:00:00+00:00,Brighton & Hove Albion FC,Aston Villa FC,1474.1173181133154,1593.2203286954318,-119.10301058211644,34.0,11.0,11.0,12.0,52.0,57.0,35.0,20.0,7.0,8.0,73.0,52.0,1,0
436297,2024-05-05 13:00:00+00:00,Chelsea FC,West Ham United FC,1529.368219552188,1483.2248025360827,46.14341701610533,34.0,14.0,9.0,11.0,65.0,59.0,35.0,13.0,10.0,12.0,56.0,65.0,5,0
436299,2024-05-05 15:30:00+00:00,Liverpool FC,Tottenham Hotspur FC,1621.989255174425,1555.510699106912,66.47855606751295,35.0,22.0,9.0,4.0,77.0,36.0,34.0,18.0,6.0,10.0,67.0,54.0,4,2
436298,2024-05-06 19:00:00+00:00,Crystal Palace FC,Manchester United FC,1473.5087369692824,1538.1794602740283,-64.67072330474593,35.0,10.0,10.0,15.0,45.0,57.0,34.0,16.0,6.0,12.0,52.0,51.0,4,0
436306,2024-05-11 11:30:00+00:00,Fulham FC,Manchester City FC,1472.6306417661503,1682.9762123733803,-210.34557060723,36.0,12.0,8.0,16.0,51.0,55.0,35.0,25.0,7.0,3.0,87.0,33.0,0,4
436311,2024-05-11 14:00:00+00:00,West Ham United FC,Luton Town FC,1488.9162856734422,1371.0265599799363,117.88972569350585,36.0,13.0,10.0,13.0,56.0,70.0,36.0,6.0,8.0,22.0,49.0,78.0,3,1
436310,2024-05-11 14:00:00+00:00,Tottenham Hotspur FC,Burnley FC,1539.384162762858,1395.507350205618,143.8768125572401,35.0,18.0,6.0,11.0,69.0,58.0,36.0,5.0,9.0,22.0,39.0,74.0,2,1
436312,2024-05-11 14:00:00+00:00,Wolverhampton Wanderers FC,Crystal Palace FC,1471.9714113064465,1473.4691160724644,-1.4977047660179323,36.0,13.0,7.0,16.0,49.0,60.0,36.0,11.0,10.0,15.0,49.0,57.0,1,3
436305,2024-05-11 14:00:00+00:00,Everton FC,Sheffield United FC,1495.5484418039575,1326.0647335313313,169.48370827262625,36.0,12.0,9.0,15.0,38.0,49.0,36.0,3.0,7.0,26.0,35.0,100.0,1,0
436303,2024-05-11 14:00:00+00:00,AFC Bournemouth,Brentford FC,1513.6502005339146,1425.8364350848635,87.81376544905106,36.0,13.0,9.0,14.0,52.0,63.0,36.0,9.0,9.0,18.0,52.0,60.0,1,2
436308,2024-05-11 14:00:00+00:00,Newcastle United FC,Brighton & Hove Albion FC,1528.4649700807277,1460.2221840188645,68.24278606186317,35.0,17.0,5.0,13.0,78.0,56.0,35.0,12.0,11.0,12.0,53.0,57.0,1,1
436309,2024-05-11 16:30:00+00:00,Nottingham Forest FC,Chelsea FC,1402.7686103788765,1545.4947558962422,-142.7261455173657,36.0,8.0,9.0,19.0,45.0,63.0,35.0,15.0,9.0,11.0,70.0,59.0,2,3
436307,2024-05-12 15:30:00+00:00,Manchester United FC,Arsenal FC,1532.1238172853896,1667.2706836517496,-135.14686636635997,35.0,16.0,6.0,13.0,52.0,55.0,36.0,26.0,5.0,5.0,88.0,28.0,0,1
436304,2024-05-13 19:00:00+00:00,Aston Villa FC,Liverpool FC,1590.375655556722,1616.2977720370652,-25.92211648034322,36.0,20.0,7.0,9.0,73.0,53.0,36.0,23.0,9.0,4.0,81.0,38.0,3,3
436281,2024-05-14 19:00:00+00:00,Tottenham Hotspur FC,Manchester City FC,1527.651588245449,1689.842638217511,-162.19104997206205,36.0,19.0,6.0,11.0,71.0,59.0,36.0,26.0,7.0,3.0,91.0,33.0,0,2
436274,2024-05-15 18:45:00+00:00,Brighton & Hove Albion FC,Chelsea FC,1480.5924691330522,1558.0734327619757,-77.48096362892352,36.0,12.0,12.0,12.0,54.0,58.0,36.0,16.0,9.0,11.0,73.0,61.0,1,2
436279,2024-05-15 19:00:00+00:00,Manchester United FC,Newcastle United FC,1514.615276916927,1537.9894443347268,-23.374167417799754,36.0,16.0,6.0,14.0,52.0,56.0,36.0,17.0,6.0,13.0,79.0,57.0,3,2
436318,2024-05-19 15:00:00+00:00,Crystal Palace FC,Aston Villa FC,1490.9776564409267,1570.0053704425345,-79.02771400160782,37.0,12.0,10.0,15.0,52.0,58.0,37.0,20.0,8.0,9.0,76.0,56.0,5,0
436320,2024-05-19 15:00:00+00:00,Luton Town FC,Fulham FC,1376.183655823634,1470.6225013141247,-94.43884549049085,37.0,6.0,8.0,23.0,50.0,81.0,37.0,12.0,8.0,17.0,51.0,59.0,2,4
436319,2024-05-19 15:00:00+00:00,Liverpool FC,Wolverhampton Wanderers FC,1628.0303465544744,1465.1049854623157,162.9253610921587,37.0,23.0,10.0,4.0,84.0,41.0,37.0,13.0,7.0,17.0,50.0,63.0,2,0
436317,2024-05-19 15:00:00+00:00,Chelsea FC,AFC Bournemouth,1567.2055186414998,1504.8816410355414,62.32387760595839,37.0,17.0,9.0,11.0,75.0,62.0,37.0,13.0,9.0,15.0,53.0,65.0,2,1
436321,2024-05-19 15:00:00+00:00,Manchester City FC,West Ham United FC,1696.4618800432156,1476.3376088077086,220.12427123550697,37.0,27.0,7.0,3.0,93.0,33.0,37.0,14.0,10.0,13.0,59.0,71.0,3,1
436315,2024-05-19 15:00:00+00:00,Brighton & Hove Albion FC,Manchester United FC,1483.048196029576,1506.122854576212,-23.074658546635874,37.0,12.0,12.0,13.0,55.0,60.0,37.0,17.0,6.0,14.0,55.0,58.0,0,2
436314,2024-05-19 15:00:00+00:00,Brentford FC,Newcastle United FC,1427.8445755368891,1535.533717438203,-107.68914190131386,37.0,10.0,9.0,18.0,54.0,61.0,37.0,17.0,6.0,14.0,81.0,60.0,2,4
436313,2024-05-19 15:00:00+00:00,Arsenal FC,Everton FC,1676.0392431501227,1490.39134596026,185.64789718986276,37.0,27.0,5.0,5.0,89.0,28.0,37.0,13.0,9.0,15.0,39.0,49.0,2,1
436316,2024-05-19 15:00:00+00:00,Burnley FC,Nottingham Forest FC,1385.9828759516188,1414.509811259658,-28.52693530803913,37.0,5.0,9.0,23.0,40.0,76.0,37.0,8.0,9.0,20.0,47.0,66.0,1,2
436322,2024-05-19 15:00:00+00:00,Sheffield United FC,Tottenham Hotspur FC,1314.32353265055,1536.8531117963716,-222.52957914582157,37.0,3.0,7.0,27.0,35.0,101.0,37.0,19.0,6.0,12.0,71.0,61.0,0,3
